text,predicted_value
[Contesto: parlante donna] Vorrei dedicare un pensiero a tutte le persone che mi hanno chiesto indicazioni stradali: spero un giorno possiate tornare dai vostri cari.,0.662107
Le gente appena ti vede ti chiede come mai non sei abbronzata e perché non vai al mare.,0.5777657
Tenete duro ancora qualche giorno e i vostri fidanzati partiranno in vacanza con le loro mogli.,0.7081903
Ma perché l'unico uomo in questa storia è piu grande di tutte nella grafica?,0.53693146
"Sentivo qualcosa di speciale e sai, una donna non sbaglia mai le sensazioni.",0.56973165
"C'è un significato molto piu profondo che vogliamo sicuramente portare: che è quello che, insomma, in Italia si puo giocare a calcio, e possono farlo anche le donne.",0.6602216
"Le ragazze - mi ha fatto molto sorridere quest'immagine - sul pullman leggono, addirittura. Se pensiamo alle squadre maschili forse un po' questo ci fa sorridere.",0.6429255
Le donne sono i veri uomini. Grandissime.,0.3317481
Lui ti ama pero adesso parte un attimo in vacanza con moglie e figli,0.650013
"Cento uomini possono creare un accampamento, ma serve una donna per fare una casa.",0.78328514
I lavori delle donne sono numerosi come le stelle del cielo.,0.65808046
Le parole sono femmine e i fatti sono maschi.,0.5724329
"Non è maschilismo... è solo che quando giocano le donne, il pallone pesa di piu, la noia è automatica e la qualità va in ferie. Ma lo dici ‘con dispiacere’, quindi va bene.",0.5914365
.....quando le calciatrici faranno pace con la biologia umana sarà sempre troppo tardi!!!!.....🙄🙄🙄,0.4676535
"[Commento ad articolo di giornale dal titolo ""Albanese: ""Le sanzioni degli Usa per indebolire la mia missione"". La relatrice Onu per i territori palestinesi occupati: ""Vado avanti""""] Avere le palle. Quelle vere 💪🏻",0.5119378
"è arrivata la maestrina arrogante e boriosa... che sa cercare su Google il significato di “semiti” quindi si arroga il diritto di denigrare gli altri... Se fosse cosi brava nel cercare il significato di ANTISEMITISMO troverebbe : L'antisemitismo (chiamato anche giudeofobia; antigiudaismo e antiebraismo) è il pregiudizio, la paura o l'odio verso i giudei, cioè gli ebrei. ... dai torna a dare da mangiare ai tuoi gatti.",0.60489064
"[Commento ad articolo di giornale dal titolo ""Albanese: ""Le sanzioni degli Usa per indebolire la mia missione"". La relatrice Onu per i territori palestinesi occupati: ""Vado avanti""""] Spettinata, sciatta, autoreferenziale con quel pizzico di megalomania che non guasta mai... tipica. Vorrebbe tanto essere una santa, una eroina, quasi una martire.... Eh no cara, non funziona la recita.",0.5252085
"Donne al volante .... (Se penso che gli arabi, tra tutti i divieti e restrizioni imposti alle loro donne, han deciso di concedere proprio la possibilità di guidare, mi viene da piangere e ridere allo stesso tempo)",0.51090616
"[Commento ad articolo di giornale dal titolo ""Meloni ai Volenterosi: ""Fondamentale l'unità dell'Occidente""""] Vai a pulire il bagno ahahah",0.45197397
"[Commento ad articolo di giornale dal titolo ""Meloni ai Volenterosi: ""Fondamentale l'unità dell'Occidente""""] Inginocchiata davanti a tutti, Trump, Von der leyen, nethanyau, emiri vari...manco nelle peggiori gang bang",0.40366152
"[Commento ad articolo di giornale dal titolo ""Carola Rackete si dimette da europarlamentare ""] Le europarlamentari della sinistra sono tutte delle grandi gnocche allucinanti, tra lei e la Salis non saprei proprio chi scegliere ma nel dubbio preferisco non scegliere.",0.48287305
"[Commento ad articolo di giornale dal titolo ""Carola Rackete si dimette da europarlamentare ""] Ha dovuto.... con i peli lunghi delle gambe ogni volta si incastrava nei tornelli",0.43128958
"[Commento ad articolo di giornale dal titolo ""Carola Rackete si dimette da europarlamentare ""] Inchiavabile",0.363998
"[Commento ad articolo di giornale dal titolo ""Carola Rackete si dimette da europarlamentare ""] Oltre ad essere delle delinquenti fuorilegge, le candidate della lurida sinistra son anche dei cessi immondi di notevole livello!",0.49947804
"[Commento ad articolo di giornale dal titolo ""Turista americana si tuffa dal Fiordo di Furore (alto 30 metri) in Costiera Amalfitana: ora rischia la paralisi""] Mi chiedo ma una mamma prima di sfidare un pericolo di morte non pensa ai suoi figli?",0.5235387
"[Commento ad articolo di giornale dal titolo ""Monza, violenza sessuale su una ragazzina di 13 anni: fermato 24enne, sui social si era finto minorenne per incontrarla""] Invece ol genitore non curante incentiva la figlia facendola vestire come una ...",0.7906663
[Rivolto a una utente donna] fatevi voi una doccia e copritevi. Le donne vere si coprono. Gli animali vanno in giro nudi.,0.7868427
"[Commento ad articolo di giornale dal titolo """"Melania Trumpenko lavora per Kiev"". Sui social gli ucraini celebrano la first lady anti-Putin""] Io dico.... Nessuno mi crede....... Sono le femmine dell'est quelle cattivissime me...... Ma la loro bellezza è finti servigi molto ben calcolato vi mette in KO. Comunque loro hanno capito tutto!",0.39622733
"[Commento ad articolo di giornale dal titolo """"Melania Trumpenko lavora per Kiev"". Sui social gli ucraini celebrano la first lady anti-Putin""] Quindi ogni volta che ha il ciclo rischiamo una guerra nucleare!?",0.3574108
"[Commento ad articolo di giornale dal titolo ""Meloni ai Volenterosi: ""Fondamentale l'unità dell'Occidente""""] Chissa' se le pagano i contributi o se fa la cameriera in nero?",0.5415779
"[Commento ad articolo di giornale dal titolo ""Carola Rackete si dimette da europarlamentare ""] Pensa a darti una pulita , togliti i baffi, vestiti decentemente, sembri una zingara.",0.6093797
"[Commento ad articolo di giornale dal titolo ""Turista americana si tuffa dal Fiordo di Furore (alto 30 metri) in Costiera Amalfitana: ora rischia la paralisi""] partorire non vuol dire per forza diventare mamma. Essere mamma parte dal cuore e dalla testa..... Questa qui ha semplicemente mandato avanti tre scopate diverse.... Ma credimi.... Essere mamma è veramente tutt'altra cosa.",0.53645706
"[Commento ad articolo di giornale dal titolo ""Alessia Merz: «Mi noto Pino Insegno, cosi arrivai a Non è la Rai. Boncompagni delizioso, le ragazze meno: una volta mi tolsero la sedia da sotto il sedere»""] Grande bellezza. Ha sfruttato bene l'attimo allora e quello che le è arrivato poi. Fa piacere vedere che si è mantenuta semplice nell'aspetto senza rovinarsi come le altre. Brava!",0.4678843
"[Commento ad articolo di giornale dal titolo ""Alessia Merz: «Mi noto Pino Insegno, cosi arrivai a Non è la Rai. Boncompagni delizioso, le ragazze meno: una volta mi tolsero la sedia da sotto il sedere»""] Mo si dice notare. Chissà cosa è successo con insegno...",0.49634984
"[Commento ad articolo di giornale dal titolo ""Kate Middleton (a sorpresa) a Wimbledon per la finale femminile: sorrisi e saluti per i presenti""] Donna immagine usata come coperture delle nefandezze della Royal Family e del governo britannico responsabile dell'oppressione israeliana sui palestinesi",0.47118285
"[Commento ad articolo di giornale dal titolo ""La premier Meloni: ""Guidare una nazione vuol dire ogni giorno lanciarsi con il paracadute. Non si puo sbagliare o saranno gli Italiani a pagare""""] Eseguire gli ordini e guidare una nazione sono due cose differenti, questa a malapena guida il carrello della spesa.",0.5431411
"[Commento ad articolo di giornale dal titolo ""La premier Meloni: ""Guidare una nazione vuol dire ogni giorno lanciarsi con il paracadute. Non si puo sbagliare o saranno gli Italiani a pagare""""] la sa usare bene la lingua ne sa qualcosa Tramp.",0.49931103
"[Commento ad articolo di giornale dal titolo ""La premier Meloni: ""Guidare una nazione vuol dire ogni giorno lanciarsi con il paracadute. Non si puo sbagliare o saranno gli Italiani a pagare""""] La peggiore Presidente della Repubblica Italiana. Bugiarda, arrogante, superba, incompetente, incapace! Speriamo che gli italiani la mandino a casa ad accudire sua figlia al piu presto.",0.4764774
"[Commento ad articolo di giornale dal titolo """"Melania Trumpenko lavora per Kiev"". Sui social gli ucraini celebrano la first lady anti-Putin""] Troppe donne stanno decidendo le nostre sorti...eppure sono Mamme!!!",0.46047634
"[Commento ad articolo di giornale dal titolo """"Melania Trumpenko lavora per Kiev"". Sui social gli ucraini celebrano la first lady anti-Putin""] Bella, e' bella, ma nn so quanto tempo le rimanga x occuparsi di politica, concentrata sulla sua firma e bellezza, al suo posto anch'io sarei diversa da come sino",0.37467396
"[Commento ad articolo di giornale dal titolo """"Melania Trumpenko lavora per Kiev"". Sui social gli ucraini celebrano la first lady anti-Putin""] Questa è una t.....🤮🤮",0.46462235
"[Commento ad articolo di giornale dal titolo ""Federica Pellegrini insultata sui social dopo la vittoria di Sinner, risponde: ""Voi non state bene""""] E' che e l.'hanno fatta membra del CIO....quell.altra banda di parassiti affiliati alla WADA e si e' sentita in dovere di sparare cazzate. Grande atleta ma persona di livello basso....e' che in Italia di eleviamo a profeta praticamente tutti e lei fuori dal nuoto ' solo una che saltava per letti",0.42871293
"credo che la Meloni sia sull'orlo di una crisi esistenziale,non credo che reggerà altri due anni,è sciupata in viso e sempre piu nervosa.A mio avviso tra le crisi internazionali che non riesce a gestire perchè piu grandi di lei,non riesce piu a gestire i vari riccatti che alcuni componenti del suo governo la sottopongono vedi Santanchè/La Russa,Nordio,Salvini,Giorgetti,Tajani ecc. per non parlare di Gianbruno il suo ex compagno il cui silenzio dovrà essere ripagato profumatamente (vedi le dichiarazioni di Berlusconi figlio).",0.47414997
Calcio femminile: SPORT INGUARDABILE,0.6756077
La squadra femminile della Spagna è forte abbastanza per battere anche la nostra squadra maschile italiana... C'è poco da ridere...,0.6036163
"[Commento ad articolo di giornale dal titolo ""Meloni ai Volenterosi: ""Fondamentale l'unità dell'Occidente""""] Ho votato fdi...ma devo riconoscere che è stato un errore, piano piano è venuta fuori chi è veramente......una merda!",0.39946687
"[Commento ad articolo di giornale dal titolo ""Meloni ai Volenterosi: ""Fondamentale l'unità dell'Occidente""""] Che film ha visto la caciottara.....la nato viene suonata da tre anni dalla Russia.....quando lo capirà sarà tardi.....",0.4540052
"[Commento ad articolo di giornale dal titolo ""Meloni ai Volenterosi: ""Fondamentale l'unità dell'Occidente""""] Se avessi sfruttato il diploma alberghiero per darti alla ristorazione magari li saresti (forse) stata capace di rendere felici le persone... anziché mandare in malora un paese intero... penosa",0.4746441
"[Commento ad articolo di giornale dal titolo ""Turista americana si tuffa dal Fiordo di Furore (alto 30 metri) in Costiera Amalfitana: ora rischia la paralisi""] Ci sta a 15 anni ma a 45 con tre figli deve intervenire sempre la paura di farsi male...quando ero piccolo addolcente mi tuffavo dagli scogli oggi. Non li farei mai avrei troppa paura di no. Rivedere mia figlia... l'età conta",0.48212966
"[Commento ad articolo di giornale dal titolo ""Kate Middleton (a sorpresa) a Wimbledon per la finale femminile: sorrisi e saluti per i presenti""] A me non piace, ha sempre un viso tirato, ride solo con la bocca e mai con gli occhi. Non so se per infelicità, perché a parte la ricchezza, dover seguire tutte le regole e l' etichetta inglese svena. Per la malattia, mi dispiace, non credo sia un bluff,",0.4362292
"[Commento ad articolo di giornale dal titolo ""Kate Middleton (a sorpresa) a Wimbledon per la finale femminile: sorrisi e saluti per i presenti""] Bellissima e dolcissima ragazza, spero che guarisca completamente.",0.41180032
"[Commento ad articolo di giornale dal titolo ""Solange Frugger è la primaria piu giovane d'Italia: ha 36 anni, è specializzata in medicina d'urgenza e dirige un pronto soccorso romano""] Sono qui solo per legger i commenti di chi dice ""Come fa ad essere primaria e stare su TikTok?"" 🍿",0.5191763
"[Commento ad articolo di giornale dal titolo ""Solange Frugger è la primaria piu giovane d'Italia: ha 36 anni, è specializzata in medicina d'urgenza e dirige un pronto soccorso romano""] Io la seguo, Empatica, Chiara nelle sue spiegazioni, Professionale, Tosta.,ma dolce,.credo chi in PS sia necessario oltre ad essere bella e simpatica Ad averceli primari cosi ovunque",0.5064429
"[Commento ad articolo di giornale dal titolo ""La premier Meloni: ""Guidare una nazione vuol dire ogni giorno lanciarsi con il paracadute. Non si puo sbagliare o saranno gli Italiani a pagare""""] Mai nessun PdC si è lagnato cosi tanto. 70 anni abbiamo atteso una donna ai vertici e ci siam trovati st' egocentrica impreparata.",0.47418115
"[Commento ad articolo di giornale dal titolo ""La premier Meloni: ""Guidare una nazione vuol dire ogni giorno lanciarsi con il paracadute. Non si puo sbagliare o saranno gli Italiani a pagare""""] ma nessuno in 70 anni ha governato con tanti problemi mondiali fra guerre e soprattutto un'Europa che si sono scoperti tutte le problematiche che ha da tempo.... altro che egocentrica impreparata..... È molto preparata e competente sul piano politico e istituzionale....",0.4568675
"[Commento ad articolo di giornale dal titolo """"Melania Trumpenko lavora per Kiev"". Sui social gli ucraini celebrano la first lady anti-Putin""] Melania pensa solo ad esibire i suoi vestiti, a fare affari con il suo Brand, a farsi pagare dal Carotone per ogni apparizione, ma di politica non sa nulla e mai ha osato esprimersi, perché non è una stupida!",0.56019264
"[Commento ad articolo di giornale dal titolo ""Viola i limiti di velocità, patente sospesa in Gb a Emma Watson""] Si dice sospèsa !...Non sospesà!",0.47302184
"[Commento ad articolo di giornale dal titolo ""Viola i limiti di velocità, patente sospesa in Gb a Emma Watson""] Si credeva che era la scopa volante",0.5321106
"[Commento ad articolo di giornale dal titolo ""Viola i limiti di velocità, patente sospesa in Gb a Emma Watson""] Colpa del patriarcato, giusto?",0.4635387
Ci guarderemo la Nazionale femminile anziché quella maschile che fa schifo,0.4555758
"[Commento ad articolo di giornale dal titolo ""Euro donne: 2-1 alla Norvegia, l'Italia vola in semifinale""] Donne solo sulla carta",0.55968565
"[Commento ad articolo di giornale dal titolo ""Donna trovata impiccata nel Comasco, arrestato il convivente. Il decesso a febbraio, si era pensato ad un suicidio.""] L'impiccagione non è il metodo di suicidio preferito dalle donne",0.5863911
"[Commento ad articolo di giornale dal titolo ""Donna trovata impiccata nel Comasco, arrestato il convivente. Il decesso a febbraio, si era pensato ad un suicidio.""] ....effettivamente è impossibile pensare che la donna di oggi con tutti i privilegi che ha possa suicidarsi!...",0.49913722
"[Commento ad articolo di giornale dal titolo ""Donna trovata impiccata nel Comasco, arrestato il convivente. Il decesso a febbraio, si era pensato ad un suicidio.""] Le donne si suicidano molto raramente e con i farmaci.",0.53359896
"[Commento ad articolo di giornale dal titolo ""Donna trovata impiccata nel Comasco, arrestato il convivente. Il decesso a febbraio, si era pensato ad un suicidio.""] Sguardo vispo e sensuale, r.i.p.! 😢",0.50548935
"[Commento ad articolo di giornale dal titolo ""Donna trovata impiccata nel Comasco, arrestato il convivente. Il decesso a febbraio, si era pensato ad un suicidio.""] Ci vuole la pena capitale, ormai l uomo si sente potente,intoccabile, troppi appigli nelle condanne per salvarli.",0.46953556
"[Commento ad articolo di giornale dal titolo ""Le donne vanno in pensione piu tardi degli uomini e percepiscono il 34% in meno ""] Se percepiscono meno, vuol dire che hanno accumulato meno contributi. Basta con questi continui piagnistei.",0.656005
"Forse ci lavora lei in casa ...a casa mia si lavora in due ...moglie e marito !! Se la moglie fa una cosa, il marito ne fa un altra ..",0.78738505
"[Commento ad articolo di giornale dal titolo ""Le donne vanno in pensione piu tardi degli uomini e percepiscono il 34% in meno ""] Mandatele sul solaio ad attaccare il ferro, specialmente in questo periodo",0.6809873
"[Commento ad articolo di giornale dal titolo ""L'attaccante della Lazio Pedro Rodriguez pubblica una foto della festa di compleanno del figlio e viene inondato di commenti d'odio: ""Il bambino è vestito da femmina""""] Se fosse stata una femmina vestita da Zorro sarebbe stato simpatico e carino, ma un maschietto vestito da femmina, questo è inaccettabile. È questo il problema. Un problema culturale. I bambini sono molto piu liberi di noi, che siamo attaccati a stereotipi inutili e diseducativi. Regalare una pistola ad un bambino rientra nei nostri canoni educativi, ma regalargli una coroncina no, per carità. Ben vengano le coroncine. Questi bambini cambieranno il mondo con la loro semplicità e innocenza.",0.6252846
"[Commento ad articolo di giornale dal titolo ""L'attaccante della Lazio Pedro Rodriguez pubblica una foto della festa di compleanno del figlio e viene inondato di commenti d'odio: ""Il bambino è vestito da femmina""""] Bene, ognuno fa come crede, ma è anche legittimo non essere d'accordo con questi genitori. Secondo me il vero problema è: vestire un bambino con indumenti femminili! oggettivamente non si capisce il senso di questa inutile forzatura. Certo, non si possono assolutamente accettare commenti offensivi, ma trovarsi in disaccordo con una scelta del genere è piu che legittimo.",0.44362068
"[Commento ad articolo di giornale dal titolo ""L'attaccante della Lazio Pedro Rodriguez pubblica una foto della festa di compleanno del figlio e viene inondato di commenti d'odio: ""Il bambino è vestito da femmina""""] il peggior insulto lo hanno fatto i genitori, vestendo un bambino da donna Merde !",0.5545594
"[Commento ad articolo di giornale dal titolo ""Il corpo di ballo di Marco Mengoni balla al ristorante sulle note di 'Mi fidero'""] Troppo fortiii! È giusto applaudire questa loro bella coreografia!!!!",0.51606643
"[Commento ad articolo di giornale dal titolo ""Il corpo di ballo di Marco Mengoni balla al ristorante sulle note di 'Mi fidero'""] La meravigliosa fluidità dei ballerini in prima fila è strepitosa!",0.48940825
"[Commento ad articolo di giornale dal titolo ""Il corpo di ballo di Marco Mengoni balla al ristorante sulle note di 'Mi fidero'""] Ma per carità, che cafonata",0.59041137
"[Commento ad articolo di giornale dal titolo ""Il corpo di ballo di Marco Mengoni balla al ristorante sulle note di 'Mi fidero'""] Sono davvero bravi complimenti, preferisco scenografie con movimenti piu maschili",0.5336803
"[Commento ad articolo di giornale dal titolo ""Il corpo di ballo di Marco Mengoni balla al ristorante sulle note di 'Mi fidero'""] Bravissime ballerine",0.5976762
"[Commento ad articolo di giornale dal titolo ""Il corpo di ballo di Marco Mengoni balla al ristorante sulle note di 'Mi fidero'""] Che fighi gli uomini che ballano, peccato che in Italia non sia cosi diffuso l'uomo che balla...",0.61847365
"[Commento ad articolo di giornale dal titolo ""Il corpo di ballo di Marco Mengoni balla al ristorante sulle note di 'Mi fidero'""] Tutti culattoni come lui?",0.6136466
"[Commento ad articolo di giornale dal titolo ""Il corpo di ballo di Marco Mengoni balla al ristorante sulle note di 'Mi fidero'""] lavoro abbastanza, ma mi piace divertire con amici e famiglia, certo non mi rilassa vedere 5 ragazzi muoversi in quel modo , mezzi affemminati. Se vi divertite con poco ....mi dispiace per per te....",0.4569984
"[Commento ad articolo di giornale dal titolo ""Il corpo di ballo di Marco Mengoni balla al ristorante sulle note di 'Mi fidero'""] Che bella ondata di virilità gratuita 😂",0.59385175
"[Commento ad articolo di giornale dal titolo ""Il corpo di ballo di Marco Mengoni balla al ristorante sulle note di 'Mi fidero'""] Li vedo bene in guerra contro i russi. 🤣🤣🤣🤣🤣🤣",0.5999204
"[Commento ad articolo di giornale dal titolo ""Il corpo di ballo di Marco Mengoni balla al ristorante sulle note di 'Mi fidero'""] L'individuo d'avanti in canottiera è per metà uomo e l'altra metà donna ? Non si capisce a quale sesso appartenga! Esteticamente una cosa interiormente un'altra... È tipo una donna nel corpo di un uomo oppure un uomo che fa la donna ?",0.7251512
"[Commento ad articolo di giornale dal titolo ""Il corpo di ballo di Marco Mengoni balla al ristorante sulle note di 'Mi fidero'""] Perché si muovono come femmine in calore?",0.6848202
"[Commento ad articolo di giornale dal titolo ""Giorgia Meloni: da esordiente a figura di rilievo, ma sui dazi rischia grosso""] Mi auguro e spero che i dati in cui si legge che gli italiani hanno dato un giudizio negativo sui tre anni di governo della signora in foto, vengano letti anche dagli adepti applaudenti della signora. In tre anni questo governo non ha fatto assolutamente niente.",0.437006
"[Commento ad articolo di giornale dal titolo ""Giorgia Meloni: da esordiente a figura di rilievo, ma sui dazi rischia grosso""] Ma di rilievo de che? Puo essere di rilievo una falsa, bugiarda come lei?",0.39601216
"[Commento ad articolo di giornale dal titolo ""Giorgia Meloni: da esordiente a figura di rilievo, ma sui dazi rischia grosso""] Rivela ogni giorno di piu la sua inadeguatezza e impreparazione. La formazione culturale presso scuola alberghiera incombe.",0.514393
"[Commento ad articolo di giornale dal titolo ""Giorgia Meloni: da esordiente a figura di rilievo, ma sui dazi rischia grosso""] Un'esordiente che campa di politica da 30 anni senza aver mai lavorato, a parte breve parentesi da cameriera, come lei racconta.",0.4898987
"[Commento ad articolo di giornale dal titolo ""Giorgia Meloni: da esordiente a figura di rilievo, ma sui dazi rischia grosso""] Figura di rilievo? Si anche di mansuetudine brava ad obbedire ai comandi del padrone USA e von der kazzen ha imparato bene si si.",0.5177373
"[Commento ad articolo di giornale dal titolo ""Giorgia Meloni: da esordiente a figura di rilievo, ma sui dazi rischia grosso""] un rilievo ??? si, come un dosso in autostrada !",0.37605911
"[Commento ad articolo di giornale dal titolo ""Giorgia Meloni: da esordiente a figura di rilievo, ma sui dazi rischia grosso""] Figura di rilievo per i tailleur in colori pastello.",0.57708234
"[Commento ad articolo di giornale dal titolo ""Giorgia Meloni: da esordiente a figura di rilievo, ma sui dazi rischia grosso""] Preferisce i cazzi ai dazi",0.4567562
"[Commento ad articolo di giornale dal titolo ""Giorgia Meloni: da esordiente a figura di rilievo, ma sui dazi rischia grosso""] Mille giorni da pecora",0.43302247
"[Commento ad articolo di giornale dal titolo ""Giorgia Meloni: da esordiente a figura di rilievo, ma sui dazi rischia grosso""] La donna in carriera che pensa solo a sé stessa🤮🤮🤮🤮",0.62544984
"[Commento ad articolo di giornale dal titolo ""Giorgia Meloni: da esordiente a figura di rilievo, ma sui dazi rischia grosso""] Grande Presidente Giorgia",0.3759142
"[Commento ad articolo di giornale dal titolo ""L'Italia è in semifinale agli Europei femminili di calcio dopo 28 anni: le azzurre festeggiano cantando 'Unwritten'""] Grandi ragazze ,,,,,,,,,la nazionale maschile dovrebbe prendere esempio da voi",0.4358174
"[Commento ad articolo di giornale dal titolo ""L'Italia è in semifinale agli Europei femminili di calcio dopo 28 anni: le azzurre festeggiano cantando 'Unwritten'""] Bravissime , anche se una canzone ITALIANA, come tutti noi, non sarebbe stata male 🥂🥂🥂",0.43179742
"[Commento ad articolo di giornale dal titolo ""L'Italia è in semifinale agli Europei femminili di calcio dopo 28 anni: le azzurre festeggiano cantando 'Unwritten'""] questo è l'unico calcio che merita di essere visto perché se penso che nel maschile c'è l'Inter, mi vergogno di aver seguito uno sport inutile per cosi tanto anni",0.49957275
"[Commento ad articolo di giornale dal titolo ""L'Italia è in semifinale agli Europei femminili di calcio dopo 28 anni: le azzurre festeggiano cantando 'Unwritten'""] Adoro le lesbicone ma il calcio è un altra cosa",0.5906493
"[Commento ad articolo di giornale dal titolo ""L'Italia è in semifinale agli Europei femminili di calcio dopo 28 anni: le azzurre festeggiano cantando 'Unwritten'""] Galline che corrono dietro una palla",0.631499
"[Commento ad articolo di giornale dal titolo ""L'Italia è in semifinale agli Europei femminili di calcio dopo 28 anni: le azzurre festeggiano cantando 'Unwritten'""] Perdono le partite contro i ragazzini di 14 anni e hanno anche il coraggio di chiedere piu soldi quando se avessero un po' di dignità non li chiederebbero per giocare. La quantità poi di ritardati che se ne esce con frasi tipo ""sono meglio dei maschi"" o ""questa nazionale è meglio di quella maschile"" quando quest'ultima nel 2021 ha vinto l'Europeo è davvero agghiacciante.",0.62696326
"[Commento ad articolo di giornale dal titolo ""Meloni: ""Rispetto il conflitto, ma non se antagonista per principio""""] Sempre piu pentita d' averti votato cara Giorgia",0.35459462
"[Commento ad articolo di giornale dal titolo ""Meloni: ""Rispetto il conflitto, ma non se antagonista per principio""""] Detto da lei che evita ogni confronto giornalistico per paura di fare figure di 💩...",0.4375306
"[Commento ad articolo di giornale dal titolo ""Meloni: ""Rispetto il conflitto, ma non se antagonista per principio""""] Forse nn va mai a fare la spesa rendendosi conto del costo degli alimenti e nn solo!! Stipendi da fame e il costo della vita alle stelle!! Parla solo per far prendere aria ai polmoni!!",0.46484286
"[Commento ad articolo di giornale dal titolo ""Meloni: ""Rispetto il conflitto, ma non se antagonista per principio""""] Questa è totalmente andata",0.34570113
"[Commento ad articolo di giornale dal titolo ""Meloni: ""Rispetto il conflitto, ma non se antagonista per principio""""] Bravissima bellissima Presidente Giorgia Meloni Grande Leader Politico Italiano ❤",0.29322875
"[Commento ad articolo di giornale dal titolo ""Meloni: ""Rispetto il conflitto, ma non se antagonista per principio""""] Vai a vendere il pesce",0.43094423
"[Commento ad articolo di giornale dal titolo ""Meloni: ""Rispetto il conflitto, ma non se antagonista per principio""""] Il risultato di avere una caciottara come premier. Questa è una nazione finita!",0.40267378
"[Commento ad articolo di giornale dal titolo ""Meloni: ""Rispetto il conflitto, ma non se antagonista per principio""""] Grande Giorgia 👍👏💪👍👍👍👍",0.38978535
"[Commento ad articolo di giornale dal titolo ""Meloni: ""Rispetto il conflitto, ma non se antagonista per principio""""] Confronto duro con la cisl? 😅 😂 😂 😂 La solita pinocchio.",0.37056792
"[Commento ad articolo di giornale dal titolo ""Schlein sta con Mr. Expo ma solo al telefono""] questa incapace non ne indovina una neppure davanti ad un provvedimento della procura di Milano ...il che è tutto dire",0.43907842
"[Commento ad articolo di giornale dal titolo ""Schlein sta con Mr. Expo ma solo al telefono""] Persona ambigua..quando una sta con un piede di qui e uno di la, non c'è altra condiderazione",0.4721195
"[Commento ad articolo di giornale dal titolo ""Schlein sta con Mr. Expo ma solo al telefono""] Strano (anzi no, è normale)..la segretaria Pd ha chiesto le dimissioni di tutto il governo ma per Sala nemmeno una parola🤬🤬🤬",0.49061346
"[Commento ad articolo di giornale dal titolo ""Schlein sta con Mr. Expo ma solo al telefono""] Piede in due scarpe la cavalla !",0.52702284
"[Commento ad articolo di giornale dal titolo ""Schlein sta con Mr. Expo ma solo al telefono""] E com'è ? La capra ragliante sta tutti i giorni in ogni dove a ragliare...Ghioggia Meloni...Ghiogghia Meloni....Ghiogghia Meloni....adesso le si è impastata la lingua ?",0.54894596
"[Commento ad articolo di giornale dal titolo ""Schlein sta con Mr. Expo ma solo al telefono""] tu Schlein in piazza contro Totti ma difendi Sala VERGOGNATI...Due pesi e due misure: Schlein senza vergogna 👇...QUESTA E' UN CESSO DI POLITICO, ED UNO SCHIFO DI ""donna"" .....FIN QUANDO CI SARA' QUESTA IL CENTRO DESTRA VINCERA' SEMPRE....!!!!!!",0.39604616
"[Commento ad articolo di giornale dal titolo ""Il bilancio monstre di Ursula spolpa agricoltura e Stati. Pure il Ppe si rivolta contro""] Continuate a votarla e eleggerla ..mi raccomando ..!!",0.3725474
"[Commento ad articolo di giornale dal titolo ""Il bilancio monstre di Ursula spolpa agricoltura e Stati. Pure il Ppe si rivolta contro""] Va arrestata immediatamente e processata per tutti i crimini che ha commesso.",0.4240401
"[Commento ad articolo di giornale dal titolo ""Il bilancio monstre di Ursula spolpa agricoltura e Stati. Pure il Ppe si rivolta contro""] Affinché ci sono figli di p........ Che la sostengono e pure in italia",0.46415856
"[Commento ad articolo di giornale dal titolo ""Il bilancio monstre di Ursula spolpa agricoltura e Stati. Pure il Ppe si rivolta contro""] Zoccola",0.4059375
"[Commento ad articolo di giornale dal titolo ""Il bilancio monstre di Ursula spolpa agricoltura e Stati. Pure il Ppe si rivolta contro""] Tedesca razza bastarda",0.401582
"[Commento ad articolo di giornale dal titolo ""Il bilancio monstre di Ursula spolpa agricoltura e Stati. Pure il Ppe si rivolta contro""] IL CANCRO UTERINO COLPISCE ANCORA.",0.4279247
"[Commento ad articolo di giornale dal titolo ""Il bilancio monstre di Ursula spolpa agricoltura e Stati. Pure il Ppe si rivolta contro""] MERITATE CHE LA MEGERA NAZISTA VI FACCIA MORIRE DI FAME. SIETE TALMENTE IMBECILLI CHE ACCETTATE TUTTO QUELLO CHE VUOLE L'INFAME.",0.43982685
"[Commento ad articolo di giornale dal titolo ""Amanda Knox e Monica Lewinsky insieme per la serie sull'omicidio di Meredith Kercher""] e che ti meravigli??? Funziona cosi!!! Quella fa le pompe sotto i tavoli, L’altra uccide la sua coinquilina.",0.40829822
"[Commento ad articolo di giornale dal titolo ""Amanda Knox e Monica Lewinsky insieme per la serie sull'omicidio di Meredith Kercher""] la Lewinsky non è un'assassina, ma un'esperta di sofficini...",0.52191085
"[Commento ad articolo di giornale dal titolo ""Amanda Knox e Monica Lewinsky insieme per la serie sull'omicidio di Meredith Kercher""] Una povera ragazza ha perso la vita, i genitori hanno perso una figlia e questi si arricchiscono sulle loro disgrazie.",0.49530447
"[Commento ad articolo di giornale dal titolo ""Amanda Knox e Monica Lewinsky insieme per la serie sull'omicidio di Meredith Kercher""] Se una persona che ammette di nn ricordare quella sera perché molto probabilmente era ubriaca o aveva fumato erba,rifiuta di farsi ipnotizzare per ricordare per me sa inconsciamente di aver fatto qualcosa ,ma nn vuole ricordare solo che il subconscio è una brutta bestia ,quando nn te lo aspetti ti fa ricordare tutto",0.4897009
"[Commento ad articolo di giornale dal titolo ""Amanda Knox e Monica Lewinsky insieme per la serie sull'omicidio di Meredith Kercher""] Il potere delle donne bianche, ariane, protestanti ( wasp) ed ebraiche nel mondo mediatico USA",0.4010373
"[Commento ad articolo di giornale dal titolo ""Amanda Knox e Monica Lewinsky insieme per la serie sull'omicidio di Meredith Kercher""] Queste qui non sanno nemmeno cos’è la vergogna",0.33144054
"[Commento ad articolo di giornale dal titolo ""Amanda Knox e Monica Lewinsky insieme per la serie sull'omicidio di Meredith Kercher""] Meredith ERA una bravissima ragazza, lo hanno confermato tutti. Ma l'americana è viva e puo raccontare quello che vuole. Meredith è morta assassinata, almeno cerchiamo di non infamarla, poveretta",0.35892382
"[Commento ad articolo di giornale dal titolo ""Amanda Knox e Monica Lewinsky insieme per la serie sull'omicidio di Meredith Kercher""] Si è costruita un futuro sulla morte dell'amica. Senza morale, ne vergogna",0.3508494
"[Commento ad articolo di giornale dal titolo ""Amanda Knox e Monica Lewinsky insieme per la serie sull'omicidio di Meredith Kercher""] Basta guardarla in faccia.. È non dire altro..👹🥱",0.394019
"[Commento ad articolo di giornale dal titolo ""Amanda Knox e Monica Lewinsky insieme per la serie sull'omicidio di Meredith Kercher""] Disney completamente caduta in basso, da quando non tratto piu i dipendenti con lo shiatsu c'è stato un peggioramento energetico! io fossi la madre di Meredith farei causa.",0.36735207
"[Commento ad articolo di giornale dal titolo ""Amanda Knox e Monica Lewinsky insieme per la serie sull'omicidio di Meredith Kercher""] Un concentrato di tutti i peggiori stereotipi su noi italiani, vergogna 🤬",0.28291896
"[Commento ad articolo di giornale dal titolo ""Amanda Knox e Monica Lewinsky insieme per la serie sull'omicidio di Meredith Kercher""] Due ""donne"" d'esempio",0.33952546
"[Commento ad articolo di giornale dal titolo ""Amanda Knox e Monica Lewinsky insieme per la serie sull'omicidio di Meredith Kercher""] Ma che c’entra la gattonatrice dello studio ovale",0.34489816
"[Commento ad articolo di giornale dal titolo ""Amanda Knox e Monica Lewinsky insieme per la serie sull'omicidio di Meredith Kercher""] Le ginocchiere le fornisce la produzione.",0.39829767
"[Commento ad articolo di giornale dal titolo ""Amanda Knox e Monica Lewinsky insieme per la serie sull'omicidio di Meredith Kercher""] Nonostante la ragazza sia innocente, vedo che continua a evitare accuratamente di parlare della sua amica, cioè la REALE vittima e dopo tanti anni la sua intera vita e carriera gira intorno a tutto questo. Chissà se un giorno riuscirà a dormire sonni tranquilli e dimenticarsi di questi fattacci, un po’ come si è dimenticata della VERA vittima.",0.43304688
"[Commento ad articolo di giornale dal titolo ""Chiara Milani: «Vi spiego come non visitare Bali». Un viaggio attraverso gli occhi di Wilan""] gli italiani hanno finito con Bari e hanno iniziato con Bali. Già mi vedo le varie ""experience"" che proporranno: ""meditation experience"" ""spiritual apericena"" ""fashion mindfulness""",0.41936767
"[Commento ad articolo di giornale dal titolo ""Elenoire Casalegno: «Volevo fare la magistrata. Con Sgarbi fuoco e alcol, tra noi duro solo tre mesi. Confidai la mia gravidanza a Raimondo Vianello»""] Mai capito cosa fa questa per vivere",0.46656162
"[Commento ad articolo di giornale dal titolo ""Elenoire Casalegno: «Volevo fare la magistrata. Con Sgarbi fuoco e alcol, tra noi duro solo tre mesi. Confidai la mia gravidanza a Raimondo Vianello»""] E che lo dice a noi ? Se qualcosa del suo passato la tormenta e turba il suo stato d'animo si rivolga a un professionista. In serenità ovviamente. Arrivederci.",0.5274217
"[Commento ad articolo di giornale dal titolo ""Elenoire Casalegno: «Volevo fare la magistrata. Con Sgarbi fuoco e alcol, tra noi duro solo tre mesi. Confidai la mia gravidanza a Raimondo Vianello»""] Si la magiatrata🤣lascia perdere. Ci vuole il cervello per fare la magistrata non il fisico",0.51365435
"[Commento ad articolo di giornale dal titolo ""Elenoire Casalegno: «Volevo fare la magistrata. Con Sgarbi fuoco e alcol, tra noi duro solo tre mesi. Confidai la mia gravidanza a Raimondo Vianello»""] La magistrato? Ma x favore ......ma non ci credo.....queste son parole senza senso , una che vuole fare la magistrata va a studiare legge e compie un iter preciso non che inizia a lavorare come modellla",0.4645782
"[Commento ad articolo di giornale dal titolo ""Elenoire Casalegno: «Volevo fare la magistrata. Con Sgarbi fuoco e alcol, tra noi duro solo tre mesi. Confidai la mia gravidanza a Raimondo Vianello»""] Una che la dà a sgarbi non merita al un rispetto!🤮",0.4720399
"[Commento ad articolo di giornale dal titolo ""Elenoire Casalegno: «Volevo fare la magistrata. Con Sgarbi fuoco e alcol, tra noi duro solo tre mesi. Confidai la mia gravidanza a Raimondo Vianello»""] purtroppo l’articolo è a pagamento... sono costretto a non poter leggere un tale approfondimento “giornalistico”...",0.3787581
"[Commento ad articolo di giornale dal titolo ""Elenoire Casalegno: «Volevo fare la magistrata. Con Sgarbi fuoco e alcol, tra noi duro solo tre mesi. Confidai la mia gravidanza a Raimondo Vianello»""] Mai una che dica: ero bona e lo sapevo. No, tutte timorate di Dio e complessate. Che noia",0.4643229
"[Commento ad articolo di giornale dal titolo ""Elenoire Casalegno: «Volevo fare la magistrata. Con Sgarbi fuoco e alcol, tra noi duro solo tre mesi. Confidai la mia gravidanza a Raimondo Vianello»""] Un'altra che minimizza sul suo aspetto esteriore che le ha aperto le porte dello spettacolo senza saper fare nulla 🤷‍♀",0.52964514
"[Commento a meme con testo ""Io che guido tranquillamente, con la spia rossa della riserva accesa da 4 giorni"" e sotto una foto di una donna al volante che sorride, col pollice alzato] Spia accesa e zero tacche.... mi piace vivere pericolosamente.... 😅",0.54024017
"[Commento a meme con testo ""Io che guido tranquillamente, con la spia rossa della riserva accesa da 4 giorni"" e sotto una foto di una donna al volante che sorride, col pollice alzato] Se sei carina come quella della foto , o trovi un passaggio o chi ti paga la benzina , se sei una t[USER] classica , te la fai a piedi fino al distributore",0.61871934
"[Commento a meme con testo ""Io che guido tranquillamente, con la spia rossa della riserva accesa da 4 giorni"" e sotto una foto di una donna al volante che sorride, col pollice alzato] Per me sarebbe impossibile, il panico mi prenderebbe subito 🙈",0.5158878
"[Commento a meme con testo ""Io che guido tranquillamente, con la spia rossa della riserva accesa da 4 giorni"" e sotto una foto di una donna al volante che sorride, col pollice alzato] Continua cosi che dai lavoro alle officine,aspettano proprio le persone che si credono furbe come te 🙏🤣🤣🤣",0.56311214
"[Commento a meme con testo ""Io che guido tranquillamente, con la spia rossa della riserva accesa da 4 giorni"" e sotto una foto di una donna al volante che sorride, col pollice alzato] Pure mio marito va sempre a riserva su i piu taccagni lo fanno pure gli uomini anzi soprattutto uomini ne conosco tanti 🤣fino all'ultima goccia 🤫",0.5777105
"[Commento a meme con testo ""Il rispetto post-relazione è una di quelle cose che ti fa capire con chi stavi veramente""] Infatti : quelle che parlano male dei loro ex sono sfigate rancorose perché sono state mollate",0.6327573
"[Commento a meme con testo ""Il rispetto post-relazione è una di quelle cose che ti fa capire con chi stavi veramente""] Non hanno rispetto neanche per se stesse ,d'altronde cosa bisogna aspettarsi da chi studia cultura su Temptation Island",0.44827324
"[Commento a meme con testo ""Il rispetto post-relazione è una di quelle cose che ti fa capire con chi stavi veramente""] Basta che paga il maschio e va tutto bene...",0.52380395
"[Commento a meme con testo ""Aspettavo che mi mandassi tu un messaggio"" e sotto l'immagine di un uomo vestito da principessa] La parità di genere solo quando ci conviene.",0.6652496
"[Commento a meme con testo ""Aspettavo che mi mandassi tu un messaggio"" e sotto l'immagine di un uomo vestito da principessa] Il meme fa ridere, anche perché veramente molti “uomini” ormai si comportano cosi, in preda a manie di protagonismo narcisistico, poi pero mi ricordo che il suddetto meme proviene da una pagina per femministe represse, rosicone e fallite e tutto assume un’altra sfumatura.",0.5436173
"[Commento a meme con testo ""Aspettavo che mi mandassi tu un messaggio"" e sotto l'immagine di un uomo vestito da principessa] Le femcel che danno la colpa agli uomini perché non inviano i messaggi , poi ricevono i messaggi e non rispondono. Prendetevi un gatto .",0.70777446
"[Commento a meme con testo ""Aspettavo che mi mandassi tu un messaggio"" e sotto l'immagine di un uomo vestito da principessa] Bello vedere quante poveracce perculano gli uomini ma poi si indignano per ogni cosa e gridano alla parità di genere. PARI DIRITTI, ma se non mi scrivi per primo sei un principesso, PARI DIRITTI, ma se non paghi tu il conto sei un poveraccio, PARI DIRITTI, ma se non mi vieni a prendere sotto casa con una buona macchina sei uno sfigato, PARI DIRITTI, ma se non fai cio che voglio, quando voglio, rispettando tutti i canoni imposti da quella stessa società tossica che io critico, sei un principesso orgoglione. Ma su**hiare ca**i invece no?? Almeno tappate quella bocca e le date uno scopo migliore, ipocrite",0.541056
"Il mio like a ""avete tirato troppo la corda"" (che ovviamente è un'iperbole) l'ho messo perché è sotto gli occhi di tutti che ormai a causa di una certa narrazione i rapporti fra gli uomini e le donne sono compromessi, le nuove generazioni si odiano, la naturale alleanza fra gli uomini e le donne è morta sotto la narrazione ovviamente falsa ""uomo sempre carnefice, donna sempre vittima"" la realtà è molto piu complessa di cosi, ma se la natura ci ha fatti complementari e non possiamo mandare avanti la specie gli uni senza le altre, questo ""tirare la corda"" da parte di moltissime donne (perché in percentuale sono la maggior parte donne a mandare avanti questa narrazione di colpevolizzazione eterna di un genere per un ricatto morale) sta distruggendo la società e fra 30 anni parleremo di un calo demografico mai registrato prima, non ci saranno piu contribuenti per mandare avanti la nazione, non per come la conosciamo, non sarà piu garantita ne l'istruzione ne la sanità, ma forse questa società ha bisogno di fallire sotto l'ideologia, forse non dovrei neanche oppormi, anzi, forse necessita solo di una spinta.",0.538393
La cosa comica è vedere alcune donne prendere in giro gli uomini accusandoli.. di comportarsi da donne. 😂 Confermando loro stesse lo stereotipo di genere (contro cui a parole dicono di lottare). 😅,0.6552139
"[Commento a meme con testo ""Aspettavo che mi mandassi tu un messaggio"" e sotto l'immagine di un uomo vestito da principessa] Questi sono i post delle sfigate che non riescono a trovarsi e tenersi un uomo vero..e quindi devono dare la colpa a qualcun'altro un gran classico🤣",0.63939154
"[Commento a meme con testo ""Aspettavo che mi mandassi tu un messaggio"" e sotto l'immagine di un uomo vestito da principessa] gli anni 20 saranno ricordati come il fallimento del femminismo e della categoria gay!...non gli bastavano i pari diritti ma volevano anche comandare...",0.58949614
"[Commento a meme con testo ""Aspettavo che mi mandassi tu un messaggio"" e sotto l'immagine di un uomo vestito da principessa] Tipico post da zitella",0.71267647
"[Commento a meme con testo ""Aspettavo che mi mandassi tu un messaggio"" e sotto l'immagine di un uomo vestito da principessa] Prima o poi quest’alibi del ciclo vi si ritorcerà contro. E mo chest’è 😘",0.6491746
"Lo scrivo anche qua: mi dispiace tantissimo, ma la donna nel 2025 non viene piu vista come un esserino candido e indifeso (a cui quindi spetterebbero di diritto corteggiamenti, attenzioni, sacrifici altrui ecc.) purtroppo è finito il 900, dovreste farvene una ragione principesse magari per compensare la mancanza di attenzioni potreste aprire un onlyfans, che va molto di moda",0.5634457
"[Commento a meme con testo ""Aspettavo che mi mandassi tu un messaggio"" e sotto l'immagine di un uomo vestito da principessa] su questo argomento vedo tanti uomini e tante donne dire un sacco di cazzate. 🤷‍♂",0.6294848
"[Commento a meme con testo ""Aspettavo che mi mandassi tu un messaggio"" e sotto l'immagine di un uomo vestito da principessa] È meraviglioso constatare come le donne, assolutamente eguali all'uomo, trovino disagiato un uomo che si comporta come loro. Ma ""la strada per la parità è ancora lunga"" eh?!",0.5960426
"[Commento a meme con testo ""Aspettavo che mi mandassi tu un messaggio"" e sotto l'immagine di un uomo vestito da principessa] La verità è che non gli piaci abbastanza. Spiacevole essere rifiutate vero?",0.5576581
"[Commento a meme con testo ""Aspettavo che mi mandassi tu un messaggio"" e sotto l'immagine di un uomo vestito da principessa] Stereotipi e ruoli di genere sono tipici delle menti piu basse!",0.6925574
"[Commento a meme con testo ""Aspettavo che mi mandassi tu un messaggio"" e sotto l'immagine di un uomo vestito da principessa] Quanto era bello il sano patriarcato che non volete, ma preferite un uomo che vi scriva, vi venga a prendere a casa, vi corteggi, vi protegga e vi paghi la cena come un vero uomo degno del piu antico patriarcato.",0.6014114
"[Commento a meme con testo ""Aspettavo che mi mandassi tu un messaggio"" e sotto l'immagine di un uomo vestito da principessa] Infatti hai ragione, vai in cucina fammi un panino e lava i piatti, soprattutto stai zitta che devo sentire la tv. Ma come cazzo state Dio cane",0.59054923
"[Commento a meme con testo ""Aspettavo che mi mandassi tu un messaggio"" e sotto l'immagine di un uomo vestito da principessa] io vorrei capire a che cosa serve questa lotta sanguinaria tra uomini e donne sui social. ogni uomo e ogni donna è diverso. non capisco davvero.",0.5051311
"[Commento a meme con testo ""Aspettavo che mi mandassi tu un messaggio"" e sotto l'immagine di un uomo vestito da principessa] Poi le trovi zitelle tutte tatuate, prolassate e sciolte in faccia a 50 anni con mille Mila social, foto ogni 3 minuti postate in cui sostengono di essere vere donne libere e felici ma piangono nel lettone sul cuscino ogni notte e meditano il suicidio.",0.63572645
"[Commento a meme con testo ""Aspettavo che mi mandassi tu un messaggio"" e sotto l'immagine di un uomo vestito da principessa] Gatti e vino (del discount perché siete delle morte di fame) questo è il vostro destino 🤡😂🤣🤡",0.6193042
"[Commento a meme con testo ""Aspettavo che mi mandassi tu un messaggio"" e sotto l'immagine di un uomo vestito da principessa] Poi a ste vacche gli mandi un messaggio ""ewww niente abs, case di proprietà, stakker demmerda"" ma fatevi il bagno dal benzinaio.",0.6068066
"[Commento a meme con testo ""Aspettavo che mi mandassi tu un messaggio"" e sotto l'immagine di un uomo vestito da principessa] Sperava anche che la foto del 🍌 la mandasse lei? Queste nuove generazioni si stanno rammollendo",0.69587463
"[Commento ad articolo di giornale dal titolo ""Amalia Ercoli-Finzi è stata la prima donna italiana a laurearsi in ingegneria aeronautica.""] Grazie!! Che meraviglia questa intervista 🩷🩷🩷",0.42874983
"[Commento ad articolo di giornale dal titolo ""Amalia Ercoli-Finzi è stata la prima donna italiana a laurearsi in ingegneria aeronautica.""] Che bella persona la sig.ra Amalia!!! Complimenti 👍👍",0.49793357
"[Commento ad articolo di giornale dal titolo ""Amalia Ercoli-Finzi è stata la prima donna italiana a laurearsi in ingegneria aeronautica.""] Intanto il dubbio se uno ce la puo fare o meno se lo pongono tutti senza distinzione di genere e poi si vede che alla maggior parte delle donne non piace questo tipo di professione, visto che alle 2 scenziate, non é mai stato impedido di studiare qual che per loro é stata la loro passione e ragion di vita. Non credo esistano delle restrizioni particolari per le donne.",0.5160536
"[Commento ad articolo di giornale dal titolo ""Amalia Ercoli-Finzi è stata la prima donna italiana a laurearsi in ingegneria aeronautica.""] Complimenti!!!!!Questo dimostra che le capacità delle donne sono infinite. Bravissime!!!",0.44777778
"[Commento ad articolo di giornale dal titolo ""Amalia Ercoli-Finzi è stata la prima donna italiana a laurearsi in ingegneria aeronautica.""] È molto simpatica , parla in modo semplice e ha una famiglia Consolante per le donne vedere come certe cose possano coesistere",0.5688585
"[Commento ad articolo di giornale dal titolo ""Amalia Ercoli-Finzi è stata la prima donna italiana a laurearsi in ingegneria aeronautica.""] Accidenti, ma non è che una donna, per sentirsi libera, deve fare per forza tutte le cose che fa un uomo....c'è la libertà, o dobbiamo fare le "" quote rosa"" per ogni settore??? Allora perché nella scuola siamo tutte donne? Dobbiamo fare le "" quote celesti""?",0.5882273
"[Commento ad articolo di giornale dal titolo ""Amalia Ercoli-Finzi è stata la prima donna italiana a laurearsi in ingegneria aeronautica.""] Peccato pero che le donne debbano sempre dimostrare di saper fare di piu degli uomini per essere accettate in un ambiente prettamente maschile o maschilista , aggiungerei",0.5483982
"[Commento ad articolo di giornale dal titolo ""Amalia Ercoli-Finzi è stata la prima donna italiana a laurearsi in ingegneria aeronautica.""] Ho il piacere di lavorare con brave colleghe neoingegnere (ai miei tempi erano 5 nel corso su 440 al Poli), anomalia italiana purtroppo. Quello su cui queste donne devono fare attenzione è la loro predisposizione a ""fare bene"" acriticamente, specialmente oggi in cui le tecnologie sono SOLO speculazione finanziaria. Attenzione quindi a dare davvero un senso al lavoro, il giusto senso e non di piu.",0.48870263
"[Commento ad articolo di giornale dal titolo ""Amalia Ercoli-Finzi è stata la prima donna italiana a laurearsi in ingegneria aeronautica.""] Altro che influenxer e ochette varie ... Queste sono le donne da seguire",0.5618293
"[Commento ad articolo di giornale dal titolo ""Amalia Ercoli-Finzi è stata la prima donna italiana a laurearsi in ingegneria aeronautica.""] ...e 49 paia di mutande da lavare ogni settimana!!!! Già santa!!!",0.5531301
"[Commento ad articolo di giornale dal titolo ""Amalia Ercoli-Finzi è stata la prima donna italiana a laurearsi in ingegneria aeronautica.""] queste sono le donne da cui prendere esempio altro che le INFLUENCER 🤡🤡🤡",0.54370975
"[Commento ad articolo di giornale dal titolo ""Amalia Ercoli-Finzi è stata la prima donna italiana a laurearsi in ingegneria aeronautica.""] Ogni tanto una testata virtual_giornalistica seria.Questi gli esempi da diffondere e non quei beceri esempi di influencer o pornostar che si spacciano per creatori di O.F che sempre pornostar restano.",0.5504924
"[Commento ad articolo di giornale dal titolo ""Speculum ginecologico, due ricercatrici lo riprogettano dopo 180 anni""] per le donne è ricerca, per gli uomini è pornografia",0.5764272
"[Commento ad articolo di giornale dal titolo ""Speculum ginecologico, due ricercatrici lo riprogettano dopo 180 anni""] Lo devono fare piu grande, con le caverne che girano oggi",0.51813745
"[Commento ad articolo di giornale dal titolo ""Negli Usa quasi un manager su due è donna. In Italia meno di 1 su 3""] Donne, uomini l importante è fare bene il proprio mestiere. Considerando come sta andando l economia nessuno lo è...",0.6577243
"[Commento ad articolo di giornale dal titolo ""Negli Usa quasi un manager su due è donna. In Italia meno di 1 su 3""] Perché la donna spesso è piu capace dell uomo e questo all'uomo da molto fastidio",0.7375852
"[Commento ad articolo di giornale dal titolo ""Negli Usa quasi un manager su due è donna. In Italia meno di 1 su 3""] Statistica su quante donne e quanti uomini stanno asfaltando le strade al 19 di agosto in Italia?",0.64690834
"[Commento ad articolo di giornale dal titolo ""Negli Usa quasi un manager su due è donna. In Italia meno di 1 su 3""] va bene, ma le donne italiane sono state messe alla prova e hanno fallito clamorosamente. In Italia gli dai uno smartphone, i social, onlyfans e sono contente, abbandonano gli studi e preferiscono mercificare il corpo anzichè lavorare...sui luoghi di lavoro generano solo problemi. La donna italiana è diversa, ha una stupidità alimentata dagli eccessivi privilegi che la donna americana non ha...",0.64570296
"[Commento ad articolo di giornale dal titolo ""Negli Usa quasi un manager su due è donna. In Italia meno di 1 su 3""] Di donne manager ne conosco tante anche in Italia. Ci lavoro pure. Almeno qui nel nord non vedo questo enorme divario. La differenza sta nel fatto che spesso in Italia non sono sposate oppure sono divorziate. Se una donna vuole fare carriera in passato veniva stigmatizzata come “egoista”, non come una persona che vuole costruirsi un futuro al di là di una famiglia e “accontentati”. Forse sarebbe piu corretto parlare di top management dove i CEO e CFO uomini sono in netta maggioranza. Ma di donne con qualifica di dirigente ora ce ne sono anche qui.",0.622083
"[Commento ad articolo di giornale dal titolo ""Negli Usa quasi un manager su due è donna. In Italia meno di 1 su 3""] Negli USA forse avranno le palle quadrate... qui in 13 anni non ne ho trovata nemmeno 1a decente",0.5109642
"[Commento ad articolo di giornale dal titolo ""Negli Usa quasi un manager su due è donna. In Italia meno di 1 su 3""] Le quota rosa sono un offesa alle donne. Dovrebbe contare sempre e solo la meritocrazia.",0.6607094
"[Commento ad articolo di giornale dal titolo ""Negli Usa quasi un manager su due è donna. In Italia meno di 1 su 3""] In Italia aprono Onlyfans",0.68734384
"[Commento ad articolo di giornale dal titolo ""Negli Usa quasi un manager su due è donna. In Italia meno di 1 su 3""] E poi dite che dobbiamo fare piu figli? Quante contraddizioni...",0.6094639
"[Commento ad articolo di giornale dal titolo ""Negli Usa quasi un manager su due è donna. In Italia meno di 1 su 3""] Solo a pensare alle sfilate di moda e al vergognoso sfoggio di gioielleria delle avvocatesse nei tribunali, vien la pelle d'oca a immaginare certe donne come dirigenti. Meglio poche, pochissime ma buone ( si spera)",0.58852917
"[Commento ad articolo di giornale dal titolo ""Negli Usa quasi un manager su due è donna. In Italia meno di 1 su 3""] Ecco spiegato il declino.X legge si puo cambiare tutto,ma la natura non puoi cambiarla,quella è,e quella RIMARRA X SEMPRE!Ad ognuno il suo role,altrimenti poi si pagano le conseguenze. (Le stiamo già pagando,è sotto gli occhi di tutti,e chi nega SA di mentire!)",0.47660336
"[Commento ad articolo di giornale dal titolo ""Negli Usa quasi un manager su due è donna. In Italia meno di 1 su 3""] Oltre il 40% delle americane e sotto sostanze psicotiche. Antidepressivi, stabilizzatori di umore ecc. Oltre il 52% delle americane fa un doppio lavoro per non finire finire per strada. Le manager di cui parlate sono le piu ammalate di tutte .. sono in cura costante perché non reggono lo stress. Donna manager . Ma e anche donna sola e ammalata. E vi ricordo che si parla di meno dell 2% delle donne che insegue la carriera a farcela a diventare manager. Poi pensiamo che oltre 3 milioni di donne americane e su only fans e che passati i 40 anni la vendono per 20 dollari.",0.66362244
"[Commento ad articolo di giornale dal titolo ""Negli Usa quasi un manager su due è donna. In Italia meno di 1 su 3""] In usa le donne sono molto disturbate mentalmente",0.680122
"[Commento ad articolo di giornale dal titolo ""Negli Usa quasi un manager su due è donna. In Italia meno di 1 su 3""] in Palestina le donne fanno tanti figli😆Solo cosi un popolo va avanti😆E il miglior lavoro per le donne,e anche piu utile per lo stato.",0.6450572
"[Commento ad articolo di giornale dal titolo ""Alessandra Amoroso incinta risponde alle critiche: ""Dà fastidio il mio pancione?""""] Dedicati alla maternità e riposa le corde vocali ti prego!",0.6247119
"[Commento ad articolo di giornale dal titolo ""Alessandra Amoroso incinta risponde alle critiche: ""Dà fastidio il mio pancione?""""] Non è il fatto di essere incinta il problema...anzi sotto quel punto di vista è una cosa bellissima x una donna anche di spettacolo. quello che a parer mio poteva non esagerare è stata l'ostentazione continua della sua situazione, rimarcata anche con i suoi look... personalmente non è piaciuta x questo. ho preferito molto di piu la Tatangelo, che pure non amo come cantante, ma porta la sua gravidanza ugualmente sul palco ma con piu garbo e naturalezza...come mai non ha tutto questo richiamo mediatico ?!",0.51961076
"[Commento ad articolo di giornale dal titolo ""Alessandra Amoroso incinta risponde alle critiche: ""Dà fastidio il mio pancione?""""] Ma scusate, chi lavora lo fa fino anche l’ultimo mese di gravidanza per usufruire di piu dopo il parto. Che piaccia o no come canta, come donna cosa cambia?",0.4709338
"[Commento ad articolo di giornale dal titolo ""Alessandra Amoroso incinta risponde alle critiche: ""Dà fastidio il mio pancione?""""] Non è perché sei sul palco incinta ma per come ti vesti. Ridicola.",0.5464779
"[Commento ad articolo di giornale dal titolo ""Alessandra Amoroso incinta risponde alle critiche: ""Dà fastidio il mio pancione?""""] Io ,lei... non la sopporto. Ne quando parla ne quando canta. Ma è incinta e lei,come tutte le donne che lo sono o che lo sono state è felice di mostrare il suo pancione. Io ho lavorato fino all' 8 mese. Non vedo perche non possa farlo lei. E se devo dirla tutta... il suo modo di mostrare il pancione ,a me non dispiace. Al contrario di Elodie che è piu nuda che vestita in ogni momento della sua giornata.",0.5837917
"[Commento ad articolo di giornale dal titolo ""Alessandra Amoroso incinta risponde alle critiche: ""Dà fastidio il mio pancione?""""] Nn credo che tanti commenti siano dettati dall invidia, significherebbe che trattasi di donne tutte sterili. Cio che disturba in tutto cio è il modo molto eccentrico e alquanto sconcio del suo esibirsi che è anche molto irruento. Anche la Tatangelo tiene a bordo un bebè ma le sue esibizioni sono molto composste,graziate e senza strafare, insomma sul palco abbiamo due modalità gravidanza diverse.",0.51189053
"[Commento ad articolo di giornale dal titolo ""Alessandra Amoroso incinta risponde alle critiche: ""Dà fastidio il mio pancione?""""] Splendida.la gravidanza nn deve essere un ostacolo per vestirsi come si vuole. Tanto piu che le cantanti si presentano sui palchi tutte nude. Perché lei no? Perché è incinta? Ragione in piu per mostrarsi.",0.6344285
"[Commento ad articolo di giornale dal titolo ""Alessandra Amoroso incinta risponde alle critiche: ""Dà fastidio il mio pancione?""""] no è solo una questione di buon gusto...molto incinta e con quegli abiti succinti a me fa volgare e non una cosa bella come la maternità.....boh le chiedo: se fosse sua moglie sarebbe contento??",0.48589703
"[Commento ad articolo di giornale dal titolo ""Alessandra Amoroso incinta risponde alle critiche: ""Dà fastidio il mio pancione?""""] una donna incinta è sempre bella, a prescindere dai vestiti. Anzi, molte donne incinte non dovrebbero nasconderlo e dovrebbero mostrarsi cosi. La maternità va supportata, incentivata, protetta, tutelata. Come avviene in tutto il mondo civile, tranne che in Italia.",0.61288965
"Tra uomini che non.sarebbero in grado di riconoscersi allo specchio e donne che pretendono di essere capite, rispettate e tutelate ma il loro istinto primordiale e denigrare, criticare e dare contro le altre donne non mi stupisco della violenza che impera nel genere umano (e poi dicono degli animali)",0.51877654
"[Commento ad articolo di giornale dal titolo ""Alessandra Amoroso incinta risponde alle critiche: ""Dà fastidio il mio pancione?""""] Ok cantare col pancione ma poteva vestirsi . Cantare praticamente nuda doveva evitarlo",0.50750154
"[Commento ad articolo di giornale dal titolo ""Alessandra Amoroso incinta risponde alle critiche: ""Dà fastidio il mio pancione?""""] Tutte ste donne che si facessero le loro gravidanze come tutte le donne del mondo senza ostentare che le pance non sono dei palloni da gioco!",0.5705523
"[Commento ad articolo di giornale dal titolo ""Alessandra Amoroso incinta risponde alle critiche: ""Dà fastidio il mio pancione?""""] Inutile protestare sei volgare tutta nuda rispetta tua figlia e stai piu vestita!!!!!",0.5026472
"[Commento ad articolo di giornale dal titolo ""Alessandra Amoroso incinta risponde alle critiche: ""Dà fastidio il mio pancione?""""] Ancora lo spirito santo 🤨 Le sta ingravidando tutte😠",0.48859686
"[Commento ad articolo di giornale dal titolo ""Alessandra Amoroso incinta risponde alle critiche: ""Annalisa annuncia il nuovo album Ma io sono fuoco""] La novità sarebbe se si limitassero a cantare ( se è quello che sanno fare) e la smettessero di pubblicizzare intimo e di gesticolare oscenamente davanti ad un pubblico molto spesso di minorenni. Poi ci chiediamo del perché il mondo sta andando in rovina. Datevi na regolata.",0.5396001
"[Commento ad articolo di giornale dal titolo ""Alessandra Amoroso incinta risponde alle critiche: ""Annalisa annuncia il nuovo album Ma io sono fuoco""] La combo autotune autoreggenti l'ha rovinata",0.5295589
"[Commento ad articolo di giornale dal titolo ""Alessandra Amoroso incinta risponde alle critiche: ""Annalisa annuncia il nuovo album Ma io sono fuoco""] Ma vai a battere in tangenziale!",0.4926064
"[Commento ad articolo di giornale dal titolo ""Alessandra Amoroso incinta risponde alle critiche: ""Annalisa annuncia il nuovo album Ma io sono fuoco""] Prima sono bellissima ora sono fuoco, e' tutta lei",0.56353384
"[Commento ad articolo di giornale dal titolo ""Alessandra Amoroso incinta risponde alle critiche: ""Annalisa annuncia il nuovo album Ma io sono fuoco""] Satanista",0.57495886
Perché le donne devono sempre urlare come sirene e poi non fanno nulla,0.51543456
Alieni scendete e facciamola finita.... ma come si fa a fare cose del genere?,0.43565243
"Ma che hanno da strillare come delle oche. Un consiglio in quei momenti non strillate e non fiatate, piuttosto chiedete aiuto. Poi spegnete le corde vocali e lasciate libere le orecchie di chi vuole fare qualcosa per risolvere la situazione. nongridarecomeunocainvecedidartidafare senonriesciastarezittasvieni megliomutacheinutile.",0.62825596
Ovviamente le donne non fanno altro che gridare come dei cinghiali in trappola....che pena,0.5440977
perchè le donne devo sempre fare le isteriche?,0.69708663
Il perchè le ragazze siano mediamente meno interessate alla matematica ha una risposta molto semplice: la donne vogliono sempre avere ragione loro mentre la matematica ha sempre ragione lei!,0.67094135
Forse dovresti essere piu realista e guardare perché una donna/ragazza scelga di studiare matematica (forse per fare l'insegnante e poter lavorare mezza giornata per poi accudire la prole?! Quindi per interessi prettamente economici?).,0.7809038
"Uomini e donne non hanno gli stessi interessi, e non è solo un fattore culturale, ma probabilmente genetico, innato. Eccellono in campi diversi, e secondo me la logica matematica è un campo piu prettamente maschile.",0.6787611
"Gli scacchi hanno un punteggio che misura esattamente la forza dei giocatori. Ebbene, i giocatori maschi sono molti di piu delle donne, e sono molto piu forti, probabilmente anche per il poco interesse che hanno la maggior parte delle donne nel cimentarsi in queste competizioni.",0.7587007
Sono d'accordo sul fatto che l'audacia faccia la differenza. Ma non tra uomini e donne. Ma tra chi riesce nella vita e chi si accontenta. Ma è esclusivamente una questione caratteriale.,0.73218226
"Ecco, io penso che le nostre ragazze molto spesso non vengano educate all'audacia: vengono educate a stare attente (non passare nel bosco cappuccetto rosso!) a tenere sotto controllo l'opinione altrui (non essere sfrontata!), e a dire grazie, prego, scusi e per favore (la buona educazione prima di tutto, anche prima del rivendicare i tuoi spazi). Dai genitori e dall'ambiente circostante.",0.5700411
"[Commento a un post in cui si chiede: ""Come mai ad ingegneria gestionale e biomedica le donne sono piu della metà mentre negli altri rami non arrivano al 20%?""] perchè sono piu facili. ingegneria meccanica, elettronica e informatica sono piu impegnative di gestionale e biomedica, e richiedono piu sacrifici (es. vita sociale piu limitata) e affrontare problemi difficili. questo puo renderti un po ""alienato"" dalla realtà, un po ""nerd"". le donne in generale preferiscono cose semplici e pragmatiche.",0.6662048
"[Commento a un post in cui si chiede: ""Come mai ad ingegneria gestionale e biomedica le donne sono piu della metà mentre negli altri rami non arrivano al 20%?""] Credo che dipenda dal fatto che una parte delle donne preferisca, se puo scegliere, evitare contesti lavorativi (macchine, costruzioni, impianti industriali) che presentano una componente piu ""fisica"" (nel senso di presenza fisica) dell'attività.",0.7065106
"[Commento a un post in cui si chiede: ""Come mai ad ingegneria gestionale e biomedica le donne sono piu della metà mentre negli altri rami non arrivano al 20%?""] Finché le persone saranno valutate per la resa economica, le donne saranno sempre in svantaggio, perché tendenzialmente le donne danno piu importanza alla persona che al denaro.. hanno uno spirito di adattabilità che le porta al sacrificio di se stesse. Sacrificano la resa della loro intelligenza per il prossimo. Non dico che questo sia giusto o sbagliato, ma sta nell'indole della donna.",0.71741855
Forse ho vissuto in un'isola felice: in cinquant'anni di frequentazione universitaria (come docente prima e da dieci anni come pensionato)) al Dipartimento di Fisica non ho mai notato la minima discriminazione nei confronti delle donne: quelle brave (e ultimamente sono piu dei mashietti.) fanno carriera esattamente come gli uomini.,0.6041867
"Ora che le donne hanno la possibilità di mostrare al mondo le proprie eccelse qualità,la stragrande maggioranza mostra tatuaggi e rifacimenti siliconici",0.7558388
io non devo difendere nessuno.... so contare .... le donne che possono scegliere tra piu corteggiatori perchè piu affascinanti che si innamorano di un operaio sono pochissime....,0.6226282
"Signori, sveglia! Le donne nella scienza, come gli uomini, sono precari vita natural durante!",0.41742203
"[Commento a un articolo dal titolo ""Il gender gap? Esiste anche nel mondo della matematica. E a rivelarlo sono i numeri""] Perché, per ottemperare al politicamente corretto, non si ha il coraggio di dire che ,da sempre, in tutto il mondo, nelle materie matematiche , come anche nel gioco degli scacchi, il gentil sesso è meno performante e non certo per discriminazione.",0.5958152
"Che le donne siano ""meno portate"" per le materie scientifiche è un fatto contraddetto da studi, appunto, scientifici.",0.7790452
"Purtroppo spesso le ragazze provano orrore per le materie scientifiche, anche questo va detto. Spesso sono le donne stesse a crearsi barriere.",0.6670295
"In questo video ti spieghiamo come fare bella figura senza sembrare forzato, come vestirti, cosa dire e come comportarti per lasciare un ricordo positivo e farle desiderare di rivederti.",0.6880121
🔥Scopri ORA Gli ERRORI Che Fai Con Le DONNE. 👩🏻‼Non Puoi Avere Una Donna SE NON Capisci COSA Stai Sbagliando‼👱🏻‍♀,0.6710727
La donna deve fare la donna non la mamma.,0.7574972
Poi dall' altra parte hai donne che nel 2025 a trent'anni non lavorano chi se le piglia ste fallite,0.52316076
"[Commento a video con caption ""La vuoi far bagnare tutta? Evita ste 3 domande""] Riguardo la seconda non sono d'accordo. Frequentavo una ragazza che me lo chiedeva spesso, e mi piaceva da morire. Ovvio, deve essere alternato a frasi piu articolate.",0.500775
"Essere squattrinato non è solo una questione economica, ma di percezione. Le donne cercano stabilità, sicurezza e visione.",0.8032808
"Se pensi che comprare l’attenzione di una donna con i soldi sia la soluzione, ti stai solo sabotando. Una relazione sana nasce dall’autenticità, non dal portafoglio.",0.7141314
"I segnali di interesse femminile non sono sempre evidenti, ma una donna che è davvero attratta da te lo fa capire – anche senza parlare.",0.7722448
"Ormai sono solo le donne ad aver bisogno di playlover, 99,9% sono delle impedite sociopatiche, incapaci di mettere una parola dietro l'altra.",0.78133386
"Ti sembrerà un controsenso, ti sembrerà una cavolata, ma facendo il bravo ragazzo soprattutto all’inizio di una conoscenza... ALLONTANI le donne... Fare lo str*nzo, non vuol dire essere maleducato, essere irrispettoso... ➡ Ma semplicemente saper adottare tecniche di comunicazione e tutele che il 99% degli uomini non ha... ❗Quando fai il bravo ragazzo, gentile, simpatico e non crei attrazione sessuale tramite la sfida... La donna scappa (come stai vedendo)...",0.7134046
"Ragazzi, non annullare la vostra natura per compiacere ad una donna.. Se vi accetta come siete bene. Se non vi accetta, mandatela a cagare",0.6922735
"Bisogna stare lontani da donne del genere. O ti accetta per come sei o scappa, non stare dietro a certe viziate disagiate.",0.65054536
Se non ti vuole x come sei..allora non è quella giusta x te...,0.70003974
uno peggio dell'altro questi fuffaguru,0.42566368
👩🏻‍🦰 Le donne non vogliono un uomo che si annulla. Vogliono un uomo che sa il proprio valore e lo difende. Ma soprattutto che rimane misterioso quanto piu a lungo possibile...,0.7348422
"Una donna si innamora solo se le fai provare qualcosa di diverso da cio che vive ogni giorno. Se sei troppo buono, troppo presente, troppo disponibile... finirai per essere apprezzato, ma non desiderato.",0.7315018
"La verità è che l’attrazione femminile non nasce dalla logica, ma da emozioni e pulsioni profonde. È psicologia femminile pura: una donna si lega a chi le accende la mente, non a chi si regala facile.",0.84976995
Ne ho abbastanza di sentire degli uomini identificare la donna come premio o trofeo. E partire da questo punto di vista è di per sé sbagliatissimo,0.5544181
In Italia...perché le Italiane ADORANO le relazioni tossiche,0.7170652
"Una donna ti valuta anche da come ti presenti, e non è superficialità: è biologia. Il cervello femminile capta in pochi secondi segnali di valore, cura e status.",0.7711145
"Quelli che tu chiami uomini facoltosi disposti a pagare sono in realtà degli sfigati, zerbini.....quindi non chiamarli uomini...",0.6603039
Quando una donna si fa adulare da tanti uomini ha già perso in partenza. (La dignità),0.77617085
"Io non riesco ad accettare il fatto che le donne prima si vogliono divertire poi cercano la relazione stabile , ma io perché dovrei dare le mie abilità ad una persona che si è solo divertita in tutto quel tempo?!",0.72890055
Vabbè oggettivamente le femmine su alcune cose non sono in grado . 😂 . Fagli cambiare una ruota di scorta 😂,0.59952414
"Ci ho pensato moltissime volte, e credo che sia troppo presto per dire che l'uomo non debba piu essere un provider. Forse siamo troppo indietro con la mentalità di oggi e in un futuro vicino gli uomini non saranno piu visti come providers, perché ci sono possibilità che questo modello sia obsoleto. Probabilmente nascerà una mentalità nella quale anche la donna è provider se vuole, e che non ha bisogno di uomo per avere cio che vuole, ma la realtà è che le donne - per quanto si proclamino indipendenti - hanno sempre bisogno di un uomo.",0.6512411
Se sei vergine oltre i 25 l'unica è andare a pagamento. Magari facendo esperienza anche pagando puo aumentare la sicurezza.,0.5367348
"Io ho il problema contrario, siccome me ne sono fatte troppe adesso mi trattano da puttano e mi evitano. Ma che mondo di merda.",0.5877583
"Personalmente....... penso se un uomo e vergine, non è un problema. Ma se pensiamo a cosa pensa la società, allora è un altro conto.",0.5549129
"Cmq se sei arrivato vergine sotto la 40ina qualche problema c'è, non me la prederei troppo con la donna. Per non pensare a quello che si è perso e che nessuno gli restituirà, le storie d'amore giovanili sono le piu belle",0.68538624
"Lei ha tanti amici maschi? NON FIDANZARTI! fidanzarsi con una ragazza che ha solo amici maschi molto rischioso... Poiché la realtà dei fatti è che questi uomini per lei forse sono amici, ma li avrà sempre intorno, che tentano di provarci...",0.5752371
"Se una donna ha amici maschi, vuol dire che per lei sono A M I C I e basta. Cosa c’è di difficile da capire? 🤷‍♀",0.60736847
"gli uomini sono amici per te! Al contrario non sai mai cosa c'è nella testa di un uomo,noi non ragioniamo come voi donne",0.67658895
"Eh si,se lo dici tu,maestro insegnaci 😂 si è comportato da UOMO e non da coglione inprincipessito.Promuovere tossicità?Wow siete dei veri alpha",0.35540968
Se non hai i soldi per invitare una donna ad uscire stattene a casa che fai piu bella figura,0.811774
Non credo che le donne soffrono se vengono rifiutate...di piu soffrono gli uomini perché si sente ferito nell'orgoglio e le donne lo sanno benissimo questo percio le donne di oggi si prendono gioco bruttissimo dei sentimenti e delle emozioni degli uomini... anche gli uomini devono prendere il loro coraggio di ignorare o di rifiutare le donne per ferire il loro orgoglio...,0.6542872
"Le ragazze si innamorano di chi sa fare il figlio di tr*ia Non è un segreto, anche se molte donne, quelle meno obiettive, ti diranno sempre che preferiscono l’uomo gentile...",0.803944
"😂😂Adesso ci vogliono dei corsi per capire come rivolgersi ad una donna?? 😂😂 Le cose sono 2: se le piaci (o sei ricco) riderà come un oca qualsiasi cosa dirai, se non le interessi potrai fare le battute piu intelligenti del mondo ti definirà uno morto di fi*a o (come si dice adesso) un caso umano 🤔",0.57994366
ti posso assicurare che il 99% delle donne non si concederà mai sessualmente ad un ragazzo che le chiede di dividere il conto a metà.,0.81788826
"Vi sentite fighe nel rifiutare una cena offerta, o nel trovare ridicolo chi magari vi porta un mazzo di fiori o vi regala attenzioni. Dite di essere femministe ma distruggete le donne e fate credere agli uomini che non serva nemmeno un minimo sforzo per ottenere quello che vogliono.",0.7244229
mi pare che la ragazza che ha pienamente ragione abbia detto che un uomo che non corteggia una donna è gay,0.747552
"Che bello vedere che in questi anni di neo femminismo dilagante, le prime nemiche delle donne sono ancora... le donne.",0.55361575
Se non fossi carina e non ti corteggiasse nessuno .... non faresti queste considerazioni,0.56577504
"Esiste una categoria che le power women odiano piu di noi uomini e sono le donne che non la pensano come loro... vi lamentate dei narcisisti manipolatori e poi voi fate lo stesso ma in brqnco, almeno con il vostro ex malessere era uno scontro 1 v 1, mentre qui fate branco peggio dei maranzini😂😂😂😂😂",0.50240767
Sei una cafona a prendere in giro una persona che non ti ha fatto niente. Gattara e triste come tutte quelle come te.,0.6356263
"Avete antipatia verso le donne vere, voi siete solo femmine, e odiate gli uomini che sono meravigliosi. Avete un complesso di inferiorità fortissimo. Ah...commenta pure, tanto non leggero. Vai a pulire casa, pensa a cosa preparare di buono al tuo uomo e ai tuoi figli, corri. E forse farai qualcosa di buono. Saluti",0.5271012
"Perché prima credi di insultarmi dandomi della gattara, poi mi ordini di andare a prendermi cura della gente. Le donne vere non esistono. Esistono le ancelle del maschio (tu) e quelle che non vogliono esserlo. Basta non pretendere di decidere cosa siano le donne vere, perché per chiunque usi l'espressione donne vere le scuole non sono servite abbastanza ❤",0.63435495
Donna seria (quella giovane carina) contro donnaccia vigliacca di oggi (quella brutta e vecchia),0.85429746
"Coach?! Ma di che?! Questa ha 12 anni, ed ha idee piu antiquate della mia bisnonna..🙄",0.6825239
"Io non sono d'accordo con te , corteggiare o essere corteggiato fa parte del gioco in amore e puo essere non solo piacevole ma anche stimolante per la coppia. Non ci vedo tutta st'arretratezza.",0.53052133
"Sta gente deve solo andare a cavare le patate, altro che coach",0.52831316
Senti zia.. te ed il tuo riscaldamento globale che ci deve pensare l'uomo a contrastarlo... Vieni a darci una mano.. incomincia smettendo si acquistare inutilmente un infinità di scarpe!! Di vestiti!! Incomincia a non utilizzare 50 prodotti per il trucco!!,0.52348137
"Ci ho messo anni a trovare uno che non mi rintronasse di cioccolatini stucchevoli e cagate e poi mi chiedesse con chi esci e cosa fai. Poi quando l’ho trovato, quello che mi regala stima, considerazione e un viaggio in business class 🥰, me lo sono sposato.",0.60564595
"Vi fate conquistare da chi ha molti capelli. E vi conquista con le opinioni sulle scarpe. Le cose funzionano cosi. Anche le persone. Firmato :un pelato brutto e grasso. Ora mi ami, comunque?",0.56582487
"Sono contento di aver vissuto i miei 20 anni negli anni ‘90, prima di tutto questo schifo. Almeno ho un ricordo piu dignitoso delle donne.....",0.4410588
"Allora, io mi trovo un po' nel mezzo. L' uomo un pochino romantico mi piace, quello che ti apre la portiera dell' auto, è un po' galante ci sta, poi ovvio che la donna non è un premio, la relazione è condivisione di parti di vita . Pero un minimo di galanteria fa piacere.",0.7670259
"Non sapete piu quello che volete. Il Femminismo vi vuole libere di decidere del proprio tempo, del proprio corpo. Avere dei figli oppure no, lavorare o stare a casa, abitare in campagna o in città? La realtà è che non sapete cosa mettervi per uscire a cena e neppure che ristorante scegliere.🤣",0.643386
"Ci sono ancora donne e purtroppo ragazze, e purtroppo molte in Italia, che credono ancora che la f*ga sia un premio da mettere in palio per il maggior offerente. Se non è patriarcato questo..!",0.6229636
La giovane bruna ha capito tante cose. Brava. La donna che non vuole essere corteggiata o è sposata oppure è dall' altra sponda. 🤧,0.8079215
"E quindi a me che faccio lavori da uomo dalla mattina alla sera va benissimo un uomo con la princess Energy. Quindi, anche prendendo per buone le sue perle di saggezza, ci saranno persone a cui va benissimo. Ah, la biodiversità, che dramma!",0.6271194
"ma princess energy tutta la vita! Sempre meglio essere quella stronza parvenue di Belle che quel gran cazzone di Gastone. 🫰🏻 A lei poi, con ste vibe neanche se fossi etero.",0.5636541
"Il punto che i femminicidi non sono un emergenza come si vuole fare credere. Cioè è un numero molto piccolo ed è impossibile che non vengano uccise donne, come è impossibile che non vengono uccisi uomini, è impossibile eliminare i ladri ecc.. se credete di portare a zero le vittime di omicidio siete delle persone illuse.",0.5197679
"Purtroppo come la maggior parte delle altre donne sei troppo concentrata a fare la vittima, per comprendere il senso del video che critichi che dice solo cose esatte.",0.5448959
"I primati, nostri “cugini” biologici, mostrano tassi di violenza intraspecifica molto piu alti di altri mammiferi. Noi esseri umani, seppur evoluti, restiamo parte di quel ramo. È giusto aspirare a una società senza violenza — ed è un obiettivo culturale nobile — ma dobbiamo anche chiederci quanto profondamente la nostra biologia possa influenzare i nostri comportamenti. E quanto la cultura possa effettivamente contrastarli.",0.6173675
Patriarcato e femminicidi sono gli espedienti con cui la sinistra vuole introdurre a scuola l' educazione sessuale e affettiva tradotto gender e ideologia woke dalle elementari,0.60836303
"Il ragazzo ha perfettamente ragione, risparmiaci ste scenette da oca.",0.5433379
"Infatti non c'è emergenza, il l numero di morte è sempre simile. Se aumentx è colpa del femminismo misandrico che aizza le donne contro gli uomini.",0.55699843
Non hai considerato tutti i bimbi morti a causa dell' aborto? Caro uomo dillo alla signorina che è un assassinio. 🤧,0.5619086
"Pero non dite mai che siete le prime a volere l'uomo malessere, ricco, tatuato, tossico, alcolizzato eh no perché dite solo cio che vi fa comodo 😂😂 😂poi vi lamentate che ci sono femminicidi. La colpa è anche la vostra, direi soprattutto la vostra. E infine i bravi uomini mesi fa parte a soffrire perché considerati scemi, coglioni, e sfigati. Pero questo non lo dici eh 😂😂😂😂.",0.5043852
"Sappi che anche gli uomini vengono ammazzati e la violenza non è solo fisica, se forse non lo sai quella psicologia è peggio di quella fisica e voi donne lo fate sempre su noi uomini. Pero nemmeno questo è vero 😂😂😂😂😂😂",0.5098207
"Non comprendo come si possano paragonare due fenomeni, gravissimi entrambi e concordo, come femminicidi e morti sul lavoro.",0.33602357
"La questione delle morti sul lavoro a maggioranza maschile non è relativa soltanto al tema dei diritti nel lavoro. Il fatto che i lavori pericolosi siano svolti tendenzialmente da uomini è frutto di un retaggio culturale che porta con sè anche altre credenze sul genere maschile, quindi va trattato come un problema riguardante i diritti dei lavotori/lavoratrici ma anche come un problema di genere. È conseguenza del tradizionalismo e andrebbe analizzato anche con altre lenti.",0.67036104
"Che poi basterebbe fare una ricerca e individuare i lavori in cui il tasso di incidenti gravi o addirittura morti è piu alto, e si scoprirebbe fin da subito quale sesso biologico occupa in maggioranza quei posti di lavoro...ci credo che il 90% siano uomini, dai. Io una donna a lavorare in cantiere o in officina ancora non l'ho mai vista",0.41394022
"Si parla di parte propositiva e ricettiva . Culturalmente per noi la donna è piu ricettiva dell’uomo e (in genere) desidera un compagno che si prenda cura di lei , prendendosi la briga di organizzare un appuntamento che viene recepita come un’attenzione , una carineria.",0.8201064
"lei parla anome di tutte perché la maggior parte di noi donne la pensa cosi , anche a me piace il ragazzo che mi viene a prendere e ha già programmato tutto ed io non.devo sbattermi a fare niente posso stare tranquilla, si cmq vorrei essere vissuta negli anni 50/60 almeno li c'era rispetto per le donne pure x le casalinghe",0.5180989
"Si ok forse la ragazza mora ha esagerato ma tu biondina sei veramente due coglioni eh fattelo dire 😂 anche perché se esci con uno che non sa cosa vuole... mi sa che li di uomo c'è veramente poco, tornando alla ragazza mora ha detto molto di piu di quello che dici tu 🤟",0.59650135
Stai zitta e torna in cucina.,0.797386
tra due donne c’è reciprocato l’istinto di prendersi cura dell’altra e trattarla bene,0.78599805
Ennesima ingrata. Senza gli uomini di oggi e di ieri non sopravviveresti e non avresti neanche nessun diritto.,0.44010136
"E comunque la metti, le differenze di genere sono innate e immutabili. E infatti sono tanto costanti che il fattore culturale è stato scontato da almeno qualche decennio.",0.7318702
"Gli uomini servono ed è giusto che corteggino e facciano il loro compito io da donna concordo con la ragazza del video, tu sei troppo politicamente corretta ODDIOMIO GATTARA",0.587967
"Scusami , devo lasciarti , vado a scopare come faccio tutti i giorni❤",0.49004304
Vai a fare la camionista dormi fuori 4 sere a settimana sul camion guadagna 2400 euro quindi alza la disparità rispetto alle donne e poi combatti i camionisti per la parita salariale....deficiente,0.5613306
"Hai figli? Hai un lavoro nel quale responsabilità e decisioni ricadono perennemente su di te? Poter spegnere la testa, ogni tanto, è un regalo enorme e se è il tuo uomo a fartelo, non ti perdera mai.",0.69837034
Stai calma zia,0.57859117
se togli la lente politica e rileggi i punti scopri che 1 le donne scelgono lavori meno pagati (stem vs umanismo) 2 le donne lavorano meno ore (straordinari vs part time) 3 le donne pagano lo scotto della sospensione dal lavoro causa maternità (diritto alla maternità vs bo) 3 la perseveranza di ruoli tradizionali di genere dentro la società (sto a casa e curo la famiglia vs vado a lavorare e mantengo la famiglia) 4 meno donne in posizione apicali (a logica tutti i punti precedenti pregiudicano la scelta di un dirigente).,0.67366254
"Pero dai, dici di spegnere gli stereotipi sexual e poi chiosi con farsi trovare nudo e spalmato di Nutella. Ma perché? E non mi dire “fattela una risata” perché effettivamente con i tuoi video mi piego in due ogni volta 🤣",0.5176939
"L'uomo sempre meno diritti e sempre piu doveri. Quando vedro una squadra edile composta da sole donne allora potrai parlare, altrimenti è solo ipocrisia.",0.6174166
"non vi piace sporcarvi le mani ma volete i frutti del lavoro dell'uomo. Bisogna sudare e sputare sangue. Un ragazzo arriva a 18 e sa che dovrà sudare per un posto nel mondo, una ragazza arriva a 18, apre onlyfans e poi sbraita sulla parita dei sessi che è già COMPLETA.",0.69410634
"[Commento a post con foto di disastri culinari in cucina e la dicitura ""Caro futuro marito.. 😁😌""] ma davvero c’è gente cosi stupida da fare queste cavolate ? Ovviamente non mi riferisco a quelle situazioni impreviste come quella dell’asse che si rompe o la pentola che si spacca. Addirittura il bollitore di plastica sui fornelli ? Adesso capisco perché in USA mettono avvertenze ovunque. Perché non sanno mai la gente quanto puo arrivare ad essere stupida.",0.56769085
"[Commento a post con foto di disastri culinari in cucina e la dicitura ""Caro futuro marito.. 😁😌""] Una cosi no grazie single a vita",0.5373681
"[Commento a post con foto di disastri culinari in cucina e la dicitura ""Caro futuro marito.. 😁😌""] Questa piuttosto è la fine degli uomini separati....una brutta fine faranno senza una donna",0.48312935
"[Commento a post con foto di disastri culinari in cucina e la dicitura ""Caro futuro marito.. 😁😌""] Peccato che magari sono state le mogli e hanno scaricato tutto sul marito🤨🤨🤨🤭🤭🤭...",0.5075776
"[Commento a post con foto di disastri culinari in cucina e la dicitura ""Caro futuro marito.. 😁😌""] Volevi scrivere: caro futuro EX marito",0.5564272
"[Commento a post con foto di una donna anziana di nome Gemma e la dicitura ""UOMINI E DONNE, GEMMA IN GRANDE SPOLVERO: NUOVI TRONISTI TRA USCITE ED ELIMINAZIONI 💖""] Ma questa donna un po' di dignità non c'è l ha che vergogna",0.5761527
"[Commento a post con foto di una donna anziana di nome Gemma e la dicitura ""UOMINI E DONNE, GEMMA IN GRANDE SPOLVERO: NUOVI TRONISTI TRA USCITE ED ELIMINAZIONI 💖""] Beh, è ancora giovane, ha solo 75 anni, c è speranza.",0.6380801
"[Commento a post con foto di una donna anziana di nome Gemma e la dicitura ""UOMINI E DONNE, GEMMA IN GRANDE SPOLVERO: NUOVI TRONISTI TRA USCITE ED ELIMINAZIONI 💖""] Che odiosa questa donna ... Che pensa ...e ...si ategia...a giovincella...a superato da un po ...l'età della nonna ..... Perché non ritorna a casa....e vive da donna della sua età..... Da anziana .... Che palle questa donna.....",0.69615465
"[Commento a post con foto di una donna anziana di nome Gemma e la dicitura ""UOMINI E DONNE, GEMMA IN GRANDE SPOLVERO: NUOVI TRONISTI TRA USCITE ED ELIMINAZIONI 💖""] E pagata per fare la stupida trent’anni mai trovato l’amore lei scrocca cene e aperitivi poi no le va mai bene la furbizia sa solo scroccare",0.6674985
"[Commento a post con foto di una donna anziana di nome Gemma e la dicitura ""UOMINI E DONNE, GEMMA IN GRANDE SPOLVERO: NUOVI TRONISTI TRA USCITE ED ELIMINAZIONI 💖""] Finché ci sono dementi,che guardano ste trasmissioni,le befane vanno avanti",0.61683416
"[Commento a post con foto di una donna anziana di nome Gemma e la dicitura ""UOMINI E DONNE, GEMMA IN GRANDE SPOLVERO: NUOVI TRONISTI TRA USCITE ED ELIMINAZIONI 💖""] Io non do la colpa a Gemma praticamente per lei e'diventato un lavoro e' il programma in se' che lascia molto a desiderare.",0.60963315
"[Commento a post con foto di una donna anziana di nome Gemma e la dicitura ""UOMINI E DONNE, GEMMA IN GRANDE SPOLVERO: NUOVI TRONISTI TRA USCITE ED ELIMINAZIONI 💖""] Beata lei !! Che ne ha ancora voglia !!",0.63393027
"[Commento a post con foto di una donna anziana di nome Gemma e la dicitura ""UOMINI E DONNE, GEMMA IN GRANDE SPOLVERO: NUOVI TRONISTI TRA USCITE ED ELIMINAZIONI 💖""] Ma non c'è qualcuno di buon cuore che se la tromba sta vecchiaccia",0.62926066
"[Commento a post con foto di una donna anziana di nome Gemma e la dicitura ""UOMINI E DONNE, GEMMA IN GRANDE SPOLVERO: NUOVI TRONISTI TRA USCITE ED ELIMINAZIONI 💖""] Ma perche' non sta a casa a fare le faccende domestiche, invece di cercare un uomo? 😝😝😝😝😝😝😝😝🤣🤣🤣",0.6484832
"[Commento a post con foto di una donna anziana di nome Gemma e la dicitura ""UOMINI E DONNE, GEMMA IN GRANDE SPOLVERO: NUOVI TRONISTI TRA USCITE ED ELIMINAZIONI 💖""] BASTA vattene in pensione 6 anziana",0.6140838
"[Commento a post con la dicitura ""Avere un figlio maschio è come avere un principe tutta la vita""] Scemenza le femmine sono principesse è per questo il maschio deve essere maschio e non essere educato da principe detto questo io ho due femmine e tre maschi e li ho educati senza differenza di sesso in egual modo sui lavori maschili e femminili",0.55515534
"[Commento a post con la dicitura ""Avere un figlio maschio è come avere un principe tutta la vita""] I figli son tutti uguali sia maschi o femmine",0.5642376
"[Commento a post con la dicitura ""Avere un figlio maschio è come avere un principe tutta la vita""] I figli sono figli, non sono né principi né principesse. Ai figli non è tutto dovuto, ai figli non si dà tutto quello che da giovani avremmo voluto, i figli devono imparare che in casa si è tutti uguali e ognuno deve dare una mano, ai figli si deve insegnare ad essere responsabili delle loro azioni, i figli si devono rispettare ma si deve pretendere che rispettino noi e il prossimo.",0.62996703
"[Commento a post con la dicitura ""Avere un figlio maschio è come avere un principe tutta la vita""] Una volta si desiderava il figlio maschio x due motivi,primo, x avere una eredità del cognome, secondo, x dare un 'aiuto alla famiglia quando cresceva lavorando xche in famiglia erano due il padre e il figlio che portavano sondi in casa,oggi non c'è piu distinzione o maschi o femmine, se lavorano si mettano i soldi intasca e possono morire in casa xche lavoro io, e io meli prendo questo è il ragionamento di oggi, il passato di quando siamo piccoli o il lavoro che fa la madre lavare, cucinare, stirare,è tutto l'amore che mette una mamma in casa, ragazzi fatevi unesame di coscienza, che domani sarete genitori anche voi.",0.49042243
"[Commento a post con la dicitura ""Avere un figlio maschio è come avere un principe tutta la vita""] Vero ma è colpa della mamma",0.54698104
"[Commento a post con la dicitura ""«La dimostrazione del bene è non mandare messaggi e cuoricini, ma uscire la sera e andare dalle persone che ami, citofonare e chiedere di fare due passi insieme. Perché per fortuna esistono ancora i citofoni...» Biagio Antonacci🌹""] Sarebbe bello ma uscire la sera per una donna non è di salute. Gli incontri purtroppo non sono solo con gli amici e io che sono sola mi sento piu sicura a mandare cuoricini alle mie amiche cosiddette anziane come me",0.5061955
"[Commento a post con la dicitura ""«La dimostrazione del bene è non mandare messaggi e cuoricini, ma uscire la sera e andare dalle persone che ami, citofonare e chiedere di fare due passi insieme. Perché per fortuna esistono ancora i citofoni...» Biagio Antonacci🌹""] ...sento di donne che si incazzano se la mattina i morosi non mandano buongiorno e cuori ..bla 🤣",0.5331688
"[Commento a post con la dicitura ""«La dimostrazione del bene è non mandare messaggi e cuoricini, ma uscire la sera e andare dalle persone che ami, citofonare e chiedere di fare due passi insieme. Perché per fortuna esistono ancora i citofoni...» Biagio Antonacci🌹""] sei un grande altruista magari fossero tutti cosi io resto chiusa dentro saluti dal cellulare",0.44591978
"[Commento a post con la dicitura ""«La dimostrazione del bene è non mandare messaggi e cuoricini, ma uscire la sera e andare dalle persone che ami, citofonare e chiedere di fare due passi insieme. Perché per fortuna esistono ancora i citofoni...» Biagio Antonacci🌹""] I CITOFONI SICURAMENTE CI SONO MA MANCANO LE PERSONE SOLIDALI...SIAMO DIVENTATI VUOTI DI OGNI SOCIALITA'...TANTI ORSI INCIVILI.-ASOCIEVOLI---...NON ESAGERO...UNA VERA AMICIZIA?...UN CAFFE'E BASTA!!!..QUALCUNO SI E' INTRUFOLATO NELLA MIA CHAT IN NOME TUO...PUOI IMMAGINARE PERCHE' HO SUBITO BLOCCATO...UN MONDO DI M.....😡😡😡...",0.49272478
"Il desiderio di avere figli è una roba che nella donna agisce anche e soprattutto nell'incoscio...è un ""meccanico"" inconscio dato dall'assetto dell'apparato interno alla donna...è come se il fisico delle donne crescendo si preparasse a un evento del genere..non lo fanno apposta...è roba di utero,ovaie ecc",0.68920356
"La non normalità sta nel non volere figli e non nel non averli. Ci sono donne che non ne hanno perchè non sono riuscite a portare a termine le gravidanze...ma l'anormalità sorge nel momento in cui una donna si rifiuta di volerli...perchè tecnicamente non è possibile...il non volere figli è una disfunzione cerebrale...immagina un volatile che ha le ali buone per volare,ha il fisico buono per poter volare...ma inspiegabilmente si rifiuta di spiccare il volo.",0.7087275
"[Commento a post con la dicitura ""Avevo da tempo una storia con un ragazzo, otto anni piu grande di me, conosciuto a un corso di vela, che pero era molto complicata. Quando ho scoperto di essere incinta, onestamente non pensavo di tenerlo. Tutti, i miei genitori in testa, mi dicevano che mi sarei rovinata la vita. Ho preso l’appuntamento per interrompere la gravidanza, ma una volta li, in quella stanza, ho cambiato idea. [...] Giulia Michelini 😍""] Bravissima 👏👏👏 sono sicura che sarai una mamma fantastica ❤❤❤",0.44418445
"[Commento a post con la dicitura ""Avevo da tempo una storia con un ragazzo, otto anni piu grande di me, conosciuto a un corso di vela, che pero era molto complicata. Quando ho scoperto di essere incinta, onestamente non pensavo di tenerlo. Tutti, i miei genitori in testa, mi dicevano che mi sarei rovinata la vita. Ho preso l’appuntamento per interrompere la gravidanza, ma una volta li, in quella stanza, ho cambiato idea. [...] Giulia Michelini 😍""] Chiedo scusa possibile che queste non riescono ad stare al suo posto, nascono Banbini che i padri non sanno chi sono?io sono di un epoca passata la preferisco Chiedo Scusa.",0.4794601
"[Commento a post con la dicitura ""Avevo da tempo una storia con un ragazzo, otto anni piu grande di me, conosciuto a un corso di vela, che pero era molto complicata. Quando ho scoperto di essere incinta, onestamente non pensavo di tenerlo. Tutti, i miei genitori in testa, mi dicevano che mi sarei rovinata la vita. Ho preso l’appuntamento per interrompere la gravidanza, ma una volta li, in quella stanza, ho cambiato idea. [...] Giulia Michelini 😍""] Una donna normale,una donna vera. Ci meravigliamo ormai di fronte ad una donna normale.",0.51628345
"[Commento a post con la dicitura ""Avevo da tempo una storia con un ragazzo, otto anni piu grande di me, conosciuto a un corso di vela, che pero era molto complicata. Quando ho scoperto di essere incinta, onestamente non pensavo di tenerlo. Tutti, i miei genitori in testa, mi dicevano che mi sarei rovinata la vita. Ho preso l’appuntamento per interrompere la gravidanza, ma una volta li, in quella stanza, ho cambiato idea. [...] Giulia Michelini 😍""] Giulia la cosa giusta è usare i profilattico o lasciar perdere i manzi da monta",0.49123886
"[Commento a post con la dicitura ""Avevo da tempo una storia con un ragazzo, otto anni piu grande di me, conosciuto a un corso di vela, che pero era molto complicata. Quando ho scoperto di essere incinta, onestamente non pensavo di tenerlo. Tutti, i miei genitori in testa, mi dicevano che mi sarei rovinata la vita. Ho preso l’appuntamento per interrompere la gravidanza, ma una volta li, in quella stanza, ho cambiato idea. [...] Giulia Michelini 😍""] Bellissima ed affascinante donna ma anche super bravissima attrice ah due occhi che incantano sono profondi ed intensi parlano ❤",0.5199687
mi dispiace dovevi vedere prima di passare 8 anni ora ti fai vecchia è nessuno di prende,0.53970087
"Saggia decisione, la donna nasce per essere Mamma.",0.6247419
"[Commento a post con la dicitura ""Avevo da tempo una storia con un ragazzo, otto anni piu grande di me, conosciuto a un corso di vela, che pero era molto complicata. Quando ho scoperto di essere incinta, onestamente non pensavo di tenerlo. Tutti, i miei genitori in testa, mi dicevano che mi sarei rovinata la vita. Ho preso l’appuntamento per interrompere la gravidanza, ma una volta li, in quella stanza, ho cambiato idea. [...] Giulia Michelini 😍""] Sempre gnocca grande Giulia ❤❤",0.5025621
"[Commento a una vecchia foto di un matrimonio in cui sia gli sposi, sia gli invitati sono tutti molto seri, con la dicitura ""Un matrimonio d'altri tempi ❤""] La sposa di allora, era una vera sposa, forse non si era scambiato nemmeno un bacio col suo sposo, prima non c'era tutta questa libertà di oggi, sé dovevano farsi una passeggiata SEMPRE di giorno e mai soli, ma scortati o da un genitore o da un fratello o una sorella, è per questo che scrissero la canzone: Io",0.6202132
"[Commento a una vecchia foto di un matrimonio in cui sia gli sposi, sia gli invitati sono tutti molto seri, con la dicitura ""Un matrimonio d'altri tempi ❤""] la sposa mi sembra uno sposo",0.6205862
"[Commento a una vecchia foto di un matrimonio in cui sia gli sposi, sia gli invitati sono tutti molto seri, con la dicitura ""Un matrimonio d'altri tempi ❤""] E non solo: c’era pudore, e le ragazze non potevano esprimere la gioia per l’amato, perché sarebbe stato considerato vergognoso.",0.6216715
"[Commento a una vecchia foto di un matrimonio in cui sia gli sposi, sia gli invitati sono tutti molto seri, con la dicitura ""Un matrimonio d'altri tempi ❤""] Oh mamma...meno male che quei tempi sono ormai un ricordo lontano! Una tristezza infinita, soprattutto sul volto della sposa che, suppongo, avrà passato la vita a casa della suocera! Come sia andata non è dato saperlo, pero si puo immaginare...",0.5522612
"[Commento a una vecchia foto di un matrimonio in cui sia gli sposi, sia gli invitati sono tutti molto seri, con la dicitura ""Un matrimonio d'altri tempi ❤""] E' inutile offendere la sposa ,all'epoca molto remota per fortuna si usava cosi.E'per per quell'epoca era molto bello.Ogni epoca ha la sua storia e sarebbe utile leggerla.",0.6067461
"[Commento a una vecchia foto di un matrimonio in cui sia gli sposi, sia gli invitati sono tutti molto seri, con la dicitura ""Un matrimonio d'altri tempi ❤""] Ma quanto è sgraziata questa sposina, sprizza felicità vdavtitti i pori III i i i i piu i i 8",0.51146924
"[Commento a una vecchia foto di un matrimonio in cui sia gli sposi, sia gli invitati sono tutti molto seri, con la dicitura ""Un matrimonio d'altri tempi ❤""] si ma la sposa sembra un uomo ..mica in quei tempi le donne erano tutte brutte ..anzi ho una foto della mia bis nonna e bellissima",0.6410869
"[Commento a una vecchia foto di un matrimonio in cui sia gli sposi, sia gli invitati sono tutti molto seri, con la dicitura ""Un matrimonio d'altri tempi ❤""] le foto di una volta erano sempre con il volto serio.. non c’era la moda di inquadrare il sedere , oppure il volto con le labbra a cuoricino.. le nonne sembravano nonne , no pisquelle al moulin rouge.",0.622788
"[Commento a una vecchia foto di un matrimonio in cui sia gli sposi, sia gli invitati sono tutti molto seri, con la dicitura ""Un matrimonio d'altri tempi ❤""] Questi si che erano matrimoni. No come adesso che si spendono tanti soldi dopo un po sistancono,ma per favore.dove il vero amore.generazione andate tutti a cagare",0.55973333
"[Commento a una vecchia foto di un matrimonio in cui sia gli sposi, sia gli invitati sono tutti molto seri, con la dicitura ""Un matrimonio d'altri tempi ❤""] no io la vedo come moglie e madre. La vedo come il perno della casa che educa i figli e accudisce il marito, trasmette sani valori quali sianononore rispetto educazione amore.... poi ripeto tutto e soggettivo, io la vedo cosi.",0.560156
"[Commento a una vecchia foto di un matrimonio in cui sia gli sposi, sia gli invitati sono tutti molto seri, con la dicitura ""Un matrimonio d'altri tempi ❤""] Oggi vedo un schifo, alla prima cazzata de famiglie si sfasciato, donne che scopano come carne in calore con tutto quello che trovano, figli allo sbando senza educazione senza valori, costretti a crescere soli a causa dell'egoismo dei genitori,,, e vale sia per la donne che per gli uomini... cmq ripeto e un mio penziero.",0.49608642
"[Commento a una vecchia foto di un matrimonio in cui sia gli sposi, sia gli invitati sono tutti molto seri, con la dicitura ""Un matrimonio d'altri tempi ❤""] La sposa sembra un uomo poverina",0.65671796
"[Commento a una vecchia foto di un matrimonio in cui sia gli sposi, sia gli invitati sono tutti molto seri, con la dicitura ""Un matrimonio d'altri tempi ❤""] MA SIETE SICURI CHE NN È UNA FOTO IRONICA??LA SPOSA NN MI SEMBRA UNA FEMMINA😳🤔🙄",0.656976
"Lei praticamente ha espresso lo stesso concetto che ho detto io, ribadendo che la donna deve accudire il marito ...cos'è, un invalido che va accudito?Essere moglie si concretizza in cameriera? Poi deve essere madre, dedita ai figli al 100 per cento, cioè la donna di 100 anni fa. Donna come crocerossina asessuata, capace solo di prodigiosi per gli altri, annullando come persona e come donna. Quello che succede oggi è il risultato di questa oppressione della donna per millenni. La donna è una persona, non un burattino",0.56952214
"na donna troppo libertina non fa per me. Non la sposerei mai. Non mi innamorarsi mai di una donna che si è fatta sbattere da chissa quanti uomini solo per il piacere di farlo... chiamami antico ,cavernicolo, terrone, patriarcale, e chi piu ne ha piu ne metta. Sojk cosi sto bene cosi 3 io e la mia famiglia siamo uniti e felici... per la cronaca mia moglie e una donna feli issima e mi ama alla follia ci prendiamo cura luno dell'altro, e ci amiamo infinitamente...",0.5722499
"Io rimango dell'idea che un figlio ha sempre bisogno della sua mamma ,anche per dire buongiorno e buona notte. E la mamma idem. Soprattutto la mamma",0.6183452
"Credo che un figlio, maschio o femmina che sia, dovrebbe essere presente con la mamma, sopratutto quando le mamme sono anziane e non stanno bene. Purtroppo spesso in questo contesto si inseriscono le nuore, ovviamente un certo tipo di nuore, che impediscono al proprio marito di essere presente, e quel figlio, colpevole quanto la moglie si lascia influenzare.",0.6926381
Anche crescere delle donne perbene è responsabilità !,0.48848054
Maschi o femmine non dovrebbe fare la differenza...l'amore dei genitori è sempre lo stesso! Tutto ne sta al carattere dei figli!,0.5793089
Si si con le femmine del giorno d'oggi c'è poco da essere tranquille,0.649156
Ecco appunto mamme di maschi bisogna crescere uomini per bene perché non ce ne sono molti in giro,0.6192957
"Io volevo un figlio maschio, pensando alle femminucce vanitose e capricciose ! Sono stata accontentata... ma quando mi viene a trovare e’ una meteora ! E’ vabbè",0.6599164
"[Commento a post con la dicitura ""Chanel Totti, 18 anni 😱"" e la foto di Chanel Totti in vestito scollato e aderente] Neanche nella plastica la puoi buttare perché contiene anche composti chimici non classificati",0.6799368
"[Commento a post con la dicitura ""Chanel Totti, 18 anni 😱"" e la foto di Chanel Totti in vestito scollato e aderente] Gli anni piu belli della vita , quando i pensieri sono leggeri ,il primo ragazzo che ti piace ,la musica che ti riempie il cuore e la scuse da dire ai genitori per essere rientrata tardi e invece ora la corse a voler sembrare piu grandi e ci si riduce a delle bambole fatte in serie ,che tristezza!!! 😭",0.65058583
"[Commento a post con la dicitura ""Chanel Totti, 18 anni 😱"" e la foto di Chanel Totti in vestito scollato e aderente] Sembra che abbia piu di 30",0.7826049
"[Commento a post con la dicitura ""Chanel Totti, 18 anni 😱"" e la foto di Chanel Totti in vestito scollato e aderente] Già in mostra e vaiiiiiiii 🤣 non è poi cosi bella.... E dimostra molto di piu. Ma perche non rimangono naturali.....",0.67819023
"[Commento a post con la dicitura ""Chanel Totti, 18 anni 😱"" e la foto di Chanel Totti in vestito scollato e aderente] Un po' di lavoro malpagato le farebbe tanto bene ....",0.7061207
"[Commento a post con la dicitura ""Chanel Totti, 18 anni 😱"" e la foto di Chanel Totti in vestito scollato e aderente] A 18 anni si è rovinata cosi sembra molto ➕ grande .....il proverbio non sbaglia tale madre, tale figlia",0.6942797
"[Commento a post con la dicitura ""Chanel Totti, 18 anni 😱"" e la foto di Chanel Totti in vestito scollato e aderente] Che tristezza a 18 anni c’è una bellezza naturale !! Ha voluto trasformarsi cosi ma io mi chiedo anche i genitori????",0.5366522
"[Commento a post con la dicitura ""Chanel Totti, 18 anni 😱"" e la foto di Chanel Totti in vestito scollato e aderente] La cattiveria dell' essere umano si misura leggendo questi commenti... È soltanto una ragazza di 18 anni !!!!Potrebbe essere vostra figlia o nipote ma dal momento che vi riguarda direttamente riversate tutto l'odio e frustrazione con questi commenti del caxxo. Siete delle merde e spero capiti a voi o ai vs figli o nipoti una cosa simile.",0.5393304
"[Commento a post con la dicitura ""Chanel Totti, 18 anni 😱"" e la foto di Chanel Totti in vestito scollato e aderente] Anno talmente tanti soldi li spendono tutti in plastica beati loro facessero un po' di beneficenza per tutti quei bambini che non anno da mangiare muoiono di fame poveri",0.6582995
"[Commento a post con la dicitura ""Chanel Totti, 18 anni 😱"" e la foto di Chanel Totti in vestito scollato e aderente] Orrore!!! Tutta plastica come sua madre!!😱😱",0.6017294
"[Commento a post con la dicitura ""Chanel Totti, 18 anni 😱"" e la foto di Chanel Totti in vestito scollato e aderente] Come si dice tale madre tale figlia in comune hanno tutto specialmente la plastica",0.6466775
"[Commento a post con la dicitura ""Chanel Totti, 18 anni 😱"" e la foto di Chanel Totti in vestito scollato e aderente] 18.anni.vacca.da.monta",0.747125
"[Commento a post con la dicitura ""Chanel Totti, 18 anni 😱"" e la foto di Chanel Totti in vestito scollato e aderente] Non ha perso tempo a mettersi in mostra",0.7838895
"[Commento a post con la dicitura ""Chanel Totti, 18 anni 😱"" e la foto di Chanel Totti in vestito scollato e aderente] Ma se è conciata cosi adesso quando avrà l'età di sua madre quanta plastica avrà in corpo Ma gli uomini vogliono davvero queste donne plastificate",0.65875953
"[Commento a post con la dicitura ""Chanel Totti, 18 anni 😱"" e la foto di Chanel Totti in vestito scollato e aderente] Un uomo come fa ad andare con questa donna tutta di plastica. Schifosa",0.741315
"[Commento a post con la dicitura ""Chanel Totti, 18 anni 😱"" e la foto di Chanel Totti in vestito scollato e aderente] I soldi fanno miracoli con estesissi parrucchieri e truccatori ma lei la dovrebbero portala dalla Madonna der divino amore forse un miracolo io fa",0.6367879
Eeeee!!!!non ci sono piu le mamme de na volta. Adesso sono tutte emancipate moderne sbrigative.,0.6193869
Tu perché non rimani vera senza gonfiarti semplice e sincera sei piu carina non dare retta a tua madre che senza trucco sembra un canoto sgonfio,0.5420139
"Questa donna che nulla ha fatto se non sgambettare insieme ad altre ragazze come riempitivo in una trasmissione di quiz e che deve la notorieta e il benessere ad un bravo calciatore, avrebbe dovuto vustodire come un tesoro la vita di una adolescente che poi è SUA FIGLIA Fare i genitori comporta tante mansioni (insegnare l'educazione controllare le amicizie, proteggerli dalle cattive pubblicita, rispettare la privacy) A me pare che questa signora abbia fallito su tutta la linea e la ragazzina sembra UNA QUARANTENNE SENZA ALTRI IDEALI SE NON MOSTRARSI POCO VESTITA AGLI SGUARDI DI MOLTE PERSONE",0.556274
"[Commento a post con la dicitura ""Chanel Totti, 18 anni 😱"" e la foto di Chanel Totti in vestito scollato e aderente] Bruttissima dimostra piu di 50 anni, spalle da uomo diciamola per aver 18 anni fa schifo 😭😭😭😭😭",0.64227366
Una scaramuccia tra ragazzi puo capitare ma se mio figlio torna a casa cosi e vengo a sapere che è stato il genitore di un altro ragazzo quel genitore dovrebbe stare attento a uscire da casa,0.4844533
"Giusto, quello visto non è sport! Ci vuole disciplina e rispetto, questi ragazzi risolvono tutto con sfotto e mani (se va bene) pensano di picchiare tutti e qualcuno deve insegnargli a stare al mondo",0.50277805
"Per dirla tutta, questo signorino il malleolo se l’è rotto dando un calcio ad un avversario in terra indifeso (guardate il filmato) Immaginate con che cattiveria questo signorino, dalla faccia angelica, ha sferrato questo calcio. Detto questo il genitore dell’avversario non doveva fare quello che ha fatto, è fuori discussione, ma anche questo “Beato Angelico” la squalifica se l’è meritata tutta.",0.4345884
"Se non ci fossero genitori amici e parenti attorno al campo non succederebbe mai nulla, sono loro a fomentare cose di campo che si risolverebbero in pochi minuti. I genitori non sono in grado di guardare una partita di calcio, per altro di categorie inutili, dove non si vince nulla. I ragazzi giocano e i genitori al centro commerciale.",0.51435876
"Abbiamo fallito tutti... in tutto. Un padre che accecato dalla rabbia picchia un 13enne Un 13enne che dopo aver violentemente pestato un suo avversario passa come vittima Il capitano della nazionale italiana che invita un ragazzetto quanto meno violento a Coverciano. I giornalai che pur di acchiappare like scrivono falsità Il papà del 13enne che nonostante un figlio violento si presenta davanti alle telecamere a denunciare un adulto anziché rimproverare il figlio per cio che ha fatto. In tutto questo come sempre perde l'uomo. Non siamo in grado di comunicare, di dialogare e siamo pessimi educatori. Da tifoso malato di calcio, forse è meglio iniziare a seguire di piu il tennis, dove eccelliamo e siamo rappresentati da un signore con un educazione infinita e dotato di un minimo di intelligenza, cosa che nel calcio manca completamente.",0.5470705
"Premesso che la violenza non porta a nulla di buono. Qualsiasi PADRE, e dico PADRE avrebbe fatto lo stesso. Se mi toccano le mie figlie ( ormai donne) vado fuori di testa. Avevo intuito che c'era qualcosa di strano nella vicenda.",0.53947616
Io sarei andato prima a dare 2 ceffoni al ragazzo poi avrei cercato il padre per dargli un po' di educazione da trasmettere al figlio😉,0.70595175
Da genitore non alzerei mai le mani sul figlio ma sul padre si,0.43983468
"Vorrei proprio conoscere quel genitore che sarebbe rimasto a guardare mentre picchiavano cosi il figlio (naturalmente, come hai detto tu, resta un gesto inqualificabile che poteva e doveva essere declinato in tutt'altri modi).",0.3751491
diciamo che dommaruma e buffon non hanno mai eccelso per utilizzo del cervello,0.47807294
"credo che le cose vadano separate, giustissima la squalifica per la rissa durante la partita (penalità sportiva), mentre il papino eroe difensore di suo figlio, che se fosse stato soltanto un mezz’uomo avrebbe diviso i due e cercato di portare la calma, ecco quello per me merita un processo penale per lesioni e istigazione alla violenza, con tanto di risarcimento, e inoltre un bel Daspo per tutte le attività sportive!",0.49796188
"Vedo tanto accanimento contro il papà, che per carità picchiando un minorenne ha commesso un grave errore! Ma la mia domanda è....se vi trovate nella stessa situazione, dove vostro figlio lo stanno picchiando in modo barbaro con rischio che possa finire male, voi cosa avreste fatto? Credo che d’istinto per amore, difesa, rabbia, tutela, aiuto...avreste, anzi avremmo difeso nostro figlio",0.34824964
si stavano picchiando ragazzi di 13 anni! Dai su basta per favore ..i ragazzi ora crescono rammolliti e deficienti grazie a certi genitori! Il massimo che un genitore puo fare e dividerli.. non picchiare un bambino!,0.55832833
"io sono in tutto e per tutto a favore di quello che hai scritto... BASTA BUONISMO ESASPERANTE... io avrei fatto la stessa cosa, tu tiri un calcio a mio figlio a terra inerme? IO TI AMMAZZO, E FACCIO LA STESSA COSA SE QUALCUNO VIENE A DIFENDERTI.. la mia famiglia non si tocca, questi elementi capiscono solo la loro lingua, e in questi casi, mi abbasso molto volentieri al loro livello.. STO ST@@[USER] HA FATTO PURE L' ANGIOLETTO COL PADRE:... TU LO AVRESTI MAI FATTO? mvaffgul va.. ora chiedi a tuo padre se avrebbe fatto quello che hai fatto tu.",0.39035168
"il problema è totalmente un altro il calcio giovanile è lo sfogo di molti genitori frustrati che hanno fallito nella vita, mai e poi mai incitero mio figlio a praticare campi di calcio a livello giovanile; perché nel rugby questi comportamenti non ci sono? Educazione, rispetto, disciplina e condivisione",0.50413525
"Gattuso ha ragione, ormai per strada ci sono piu cani che bambini..",0.580061
"il discorso è diverso, il talento puro non esiste, ma lo affini praticando lo sport che ti piace, giorno per giorno... E non basta giocare 2 volte a settimana, ma devi giocare sempre come si faceva anni fa... Questo fa la differenza nei giovani che oggi vivono in modo diverso con situazioni diverse... Oltre al fatto che giocano i raccomandati che non hanno talento come già si evince in molti casi emersi in TV e giornali. Il sistema calcio non aiuta lo sviluppo dei giovani calciatori, arrivano in pochi e non sono del livello del passato.",0.5368231
"Il calcio ha perso appeal,ora i giovani preferiscono altro,strada o non strada non siamo piu negli anni 70 quando noi bambini si era veramente immersi nel pallone e in quel contesto nascevano i Baggio e compagnia bella. Poi mettiamoci pure che le scuole calcio insegnano la tattica ai bambini invece di dribblare e divertirsi. Ha ragione Capello su questo: il calcio di oggi è solo passaggi laterali e all'indietro,chi salta ancora l'uomo?",0.5318471
"Ma va là..rispetto a 20 anni fa ci sono molti piu campetti (all’epoca non esistevano) e molte piu società calcistiche di periferia, é il classico luogo comune come quello degli insegnanti che bacchettavano i ragazzi o del servizio militare che formava i ragazzi",0.6487736
"Diciamo la verità i ragazzini di oggi sono obbligati a stare a scuola fino le 16e30 e poi hanno anche I compiti da fare a casa e considerato che la maggior parte dell'anno sportivo viene giocato d'inverno,causa maltempo e buio presto sono costretti a stare a casa visto che le mamme oggi giorno non lasciono piu da solo i ragazzini ma li seguono ovunque quindi anche obbligati a non comportarsi liberamente ma solo come marionette.",0.6139699
I bambini di oggi preferiscono giocare alla play oppure se devono giocare a calcio pretendono i campetti che 30 anni fa li vedevi solo in tv. Tutto questo è verissimo. Ma poi aggiungo che hanno tolto ai ragazzi la possibilità di crescere e sognare.,0.63158333
Vi dico solo che il mio primogenito ha preferito il judo al calcio per colpa di questi pseudo mister che NON FANNO DIVERTIRE I NOSTRI BAMBINI. Se sei grosso giochi se sei normale non servi. Voi ex giocatori della generazione di Gattuso e quella prima avete rovinato il calcio italiano dopo le vostre carriere,0.528247
"Sinceramente vedo piu bambini rincoglioniti con il cellulare in mano ,anziché mano nella mano col papà a guardare le partite al campo del paese!",0.5186026
"Puttanate. Nel tennis non si gioca per strada, nel tennis dare lezioni a un bambino costa piu di 500 euro all'anno, nel tennis far iniziare a fare tornei è tutto di tasca propria e senza sponsor...eppure abbiamo 10 giocatori neinprimi 100 al mondo.",0.68922734
Cacciate le palle e disertare la partita con i terroristi israeliani. Siete come i politici pensate solo ai vostri interessi.,0.5085054
"Ma i calciatori si oggi sono piu Signorine che calciatori. Corrono a, secondo dove *Sciuscia "" il vento ma soprattutto i soldi. Datevi all'ippica.",0.6635759
Per me gattino ha avuto un colpo di fortuna,0.58909875
Gli piace molto di piu la figa che il pallone,0.8048436
Un tempo essere convocato in Nazionale era sinonimo di orgoglio e i calciatori erano disposti al sacrificio giocando con infortuni molto piu seri,0.5061667
"[Commento ad articolo con titolo ""Che guaio per Gattuso! Scamacca lascia il ritiro dell’Italia per un problema al ginocchio ❌""] Un giocatore mediocre,inoltre con tutti quei tatuaggi non lo convocherei neppure in partite fra scapoli e ammogliati.🤣😂",0.37508392
"[Commento ad articolo con titolo ""Che guaio per Gattuso! Scamacca lascia il ritiro dell’Italia per un problema al ginocchio ❌""] È piu fragile di un cristallo di Boemia...😅",0.5197043
"[Commento ad articolo con titolo ""Che guaio per Gattuso! Scamacca lascia il ritiro dell’Italia per un problema al ginocchio ❌""] Bah questi sono fatti di burro",0.46632436
"[Commento ad articolo con titolo ""Che guaio per Gattuso! Scamacca lascia il ritiro dell’Italia per un problema al ginocchio ❌""] Tanto è una squadra di pippe, una piu una meno non cambia",0.4679279
"[Commento ad articolo con titolo ""Che guaio per Gattuso! Scamacca lascia il ritiro dell’Italia per un problema al ginocchio ❌""] Bambole di pezza si rompono con uno sputo poi fanno vedere i machi con tutti i tatuaggi...mavaffanculo va tu e tutti gli 11 compreso ndujaman",0.49052113
"[Commento ad articolo con titolo ""L'Italvolley non si ferma piu: 3-0 alla Polonia e semifinale mondiale con la 34a vittoria di fila""] Favolose... Lo dico e lo ribadisco,con Velasco la nazionale di pallavolo femminile diventerà la nazionale italiana piu vincente della storia sportiva azzurra!!! 34esima vittoria consecutiva... Una squadra senza punti deboli: attacco stellare,muro incredibile e grande,grandissima difesa! Il gran maestro Julio ha forgiato una invincibile armata,ha plasmato una nuova generazione di fenomeni tutta al femminile. Completa pressoché in ogni reparto, e con riserve fortissime,che credo,possano senza ombra di dubbio essere titolarissime in qualunque altra formazione nazionale! Dopo l'oro olimpico e la Nation League,vogliamo il Mondiale !!! Ora sotto in semifinale!💪",0.32060045
"[Commento ad articolo con titolo ""L'Italvolley non si ferma piu: 3-0 alla Polonia e semifinale mondiale con la 34a vittoria di fila""] Grandiose insuperabili",0.3177948
"[Commento ad articolo con titolo ""L'Italvolley non si ferma piu: 3-0 alla Polonia e semifinale mondiale con la 34a vittoria di fila""] Tutto bello solo che per trovare un articolo sulla pallavolo o su altri sport bisogna sfogliare almeno 20 pagine nell'edizione cartacea",0.45332128
"[Commento ad articolo con titolo ""L'Italvolley non si ferma piu: 3-0 alla Polonia e semifinale mondiale con la 34a vittoria di fila""] Date meno soldi ai calciatori capricciosi e finanziate meglio quelli che vengono considerati sport ""minori""",0.6075594
"[Commento ad articolo con titolo ""L'Italvolley non si ferma piu: 3-0 alla Polonia e semifinale mondiale con la 34a vittoria di fila""] Bravissime le nostre super CAMPIONESSE.",0.35462677
"[Commento ad articolo con titolo ""L'Italvolley non si ferma piu: 3-0 alla Polonia e semifinale mondiale con la 34a vittoria di fila""] Ragazze siete strepitose avanti cosi fino alla vittoria finale 🌹🌹🌹🌹❤❤❤❤🌹🌹❤❤😘😘❤❤😘😘😘❤🌹🌹🌹😘😘",0.41356015
"[Commento ad articolo con titolo ""Errani e Paolini fantastiche! Le azzurre battono Muhammad e Schuurs in due set e volano in semifinale nel torneo di doppio femminile 😍💙""] Mi fa molto piacere. Paolini poi mi è simpaticissima! Ma le avversarie sono nelle prime 500 ????",0.32524386
"[Commento ad articolo con titolo ""Errani e Paolini fantastiche! Le azzurre battono Muhammad e Schuurs in due set e volano in semifinale nel torneo di doppio femminile 😍💙""] Fantastiche in quanto vincono. Il bel tennis è da un'altra parte pero....",0.43456554
"[Commento ad articolo con titolo ""Errani e Paolini fantastiche! Le azzurre battono Muhammad e Schuurs in due set e volano in semifinale nel torneo di doppio femminile 😍💙""] sono fantastiche ma il limite è sempre il servizio di Sara...batte veramente troppo piano",0.4078995
"[Commento ad articolo con titolo ""In questo momento, sul cemento nessuna è al livello di Aryna Sabalenka 🐅""] Daje Anisimova! Spazza via st'urlatrice seriale. Gemiti e strilli pure nelle smorzate, sta bulla.",0.36587214
"[Commento ad articolo con titolo ""In questo momento, sul cemento nessuna è al livello di Aryna Sabalenka 🐅""] secondo me dagli spalti non si devono sentire cosi come in TV le urla da orso della Sabalenka, altrimenti spendere soldi per sentire urlare in campo in quel modo è veramente da matti",0.19596724
"[Commento ad articolo con titolo ""In questo momento, sul cemento nessuna è al livello di Aryna Sabalenka 🐅""] Sembra un uomo ...... tutt’altro che femminile ne’.........",0.48906013
"[Commento ad articolo con titolo ""In questo momento, sul cemento nessuna è al livello di Aryna Sabalenka 🐅""] detto da colei a cui manca la scopa per somigliare totalmente alla befana 😂",0.4604366
"[Commento ad articolo con titolo ""In questo momento, sul cemento nessuna è al livello di Aryna Sabalenka 🐅""] Se ruggisce cosi a letto....poveri uomini🤣",0.3112383
"[Commento ad articolo con titolo ""In questo momento, sul cemento nessuna è al livello di Aryna Sabalenka 🐅""] Troppo brava e figa",0.29614386
"[Commento ad articolo con titolo ""In questo momento, sul cemento nessuna è al livello di Aryna Sabalenka 🐅""] Forse e addirittura piu gnocca di quanto e forte quanto strilla poi pure la Errani strilla sempre ogni colpo ma tira pianissimo ed è decisamente meno figa e forte e ricca di arina",0.44148737
"[Commento ad articolo con titolo ""In questo momento, sul cemento nessuna è al livello di Aryna Sabalenka 🐅""] Pare un uomo",0.26633024
il livello tecnico del tennis femminile negli ultimi 10 anni è crollato drasticamente,0.4353861
"Anisimova sta attraversando un momento favorevole, con la swiatek ha pure avuto un po' di fortuna, ma sta giocando bene, è secondo me favorita",0.44447327
"[Commento ad articolo con titolo ""Ecco le finaliste a New York! 🗽🎾 1 Aryna Sabalenka [...] 💪🏻 Nell'ultimo atto di sabato troverà Amanda Anisimova""] Due che picchiano da paura....bella partita",0.3388435
"[Commento ad articolo con titolo ""Ecco le finaliste a New York! 🗽🎾 1 Aryna Sabalenka [...] 💪🏻 Nell'ultimo atto di sabato troverà Amanda Anisimova""] Finale formosa...😆😆😆",0.3665831
"[Commento ad articolo con titolo ""Ecco le finaliste a New York! 🗽🎾 1 Aryna Sabalenka [...] 💪🏻 Nell'ultimo atto di sabato troverà Amanda Anisimova""] Ma quanto è bella e fisicamente prestante laSavalenka",0.32770702
"[Commento ad articolo con titolo ""Ecco le finaliste a New York! 🗽🎾 1 Aryna Sabalenka [...] 💪🏻 Nell'ultimo atto di sabato troverà Amanda Anisimova""] Spero che non vinca la urlatrice Bielorussa con spalle da muratore e capace solo di picchiare come un fabbro",0.34827793
"[Commento ad articolo con titolo ""Ecco le finaliste a New York! 🗽🎾 1 Aryna Sabalenka [...] 💪🏻 Nell'ultimo atto di sabato troverà Amanda Anisimova""] Daje a sportellate domani 🤗",0.32907113
"[Commento ad articolo con titolo ""Ecco le finaliste a New York! 🗽🎾 1 Aryna Sabalenka [...] 💪🏻 Nell'ultimo atto di sabato troverà Amanda Anisimova""] Il doppio 6-0 subito a Wimbledon contro una non specialista dell'erba, non depone a favore della Anisimova. Vediamo",0.38722798
"[Commento ad articolo con titolo ""Italian style ✨ L'eleganza assoluta del nostro Lorenzo Musetti all'ingresso sull'Arthur Ashe Stadium per il match dei quarti degli US Open contro Jannik Sinner 🧵""] Sta molto bene ma piu che elegante lo trovo un outfit un po’ aggressivo. Poi lui è sempre splendido ma a parer mio, il piu elegante é sempre il nostro N.1❤",0.40020323
"[Commento ad articolo con titolo ""Italian style ✨ L'eleganza assoluta del nostro Lorenzo Musetti all'ingresso sull'Arthur Ashe Stadium per il match dei quarti degli US Open contro Jannik Sinner 🧵""] Ogni luogo ha il suo dress code e questo e' totalmente inappropriato per un tennista",0.36402228
"[Commento ad articolo con titolo ""Italian style ✨ L'eleganza assoluta del nostro Lorenzo Musetti all'ingresso sull'Arthur Ashe Stadium per il match dei quarti degli US Open contro Jannik Sinner 🧵""] Bello e bravo!!!!!",0.2964032
"[Commento ad articolo con titolo ""Italian style ✨ L'eleganza assoluta del nostro Lorenzo Musetti all'ingresso sull'Arthur Ashe Stadium per il match dei quarti degli US Open contro Jannik Sinner 🧵""] È un bel ragazzo, ma l'eleganza francamente è un'altra cosa 😄 Diciamo che lo sponsor ha voluto giocare sull'aura da italico tamarro, tipico luogo comune all'estero.",0.45033023
"[Commento ad articolo con titolo ""Italian style ✨ L'eleganza assoluta del nostro Lorenzo Musetti all'ingresso sull'Arthur Ashe Stadium per il match dei quarti degli US Open contro Jannik Sinner 🧵""] È un bel vedere anche quando gioca 😍",0.3442764
"[Commento ad articolo con titolo ""Italian style ✨ L'eleganza assoluta del nostro Lorenzo Musetti all'ingresso sull'Arthur Ashe Stadium per il match dei quarti degli US Open contro Jannik Sinner 🧵""] I completi da tennis attuali sono orribili e orribile è che si ammetta che si possa giocare un torneo in canottiera. Il cattivo gusto viene da lontano...sarebbe ora che si tornasse al bianco o comunque a completi sobri",0.46770942
"[Commento ad articolo con titolo ""Italian style ✨ L'eleganza assoluta del nostro Lorenzo Musetti all'ingresso sull'Arthur Ashe Stadium per il match dei quarti degli US Open contro Jannik Sinner 🧵""] il tennis è stile e rigore, sia per gli uomini che per le donne ( la giapponese ieri sembrava un lampadario e Musetti Zorro) Alcaraz in canottiera come tanti per non parlare delle maglie giro manica... al mercato è giustificato, nel tennis mondiale è una grande cafonata.... Sinner è un principe per vestiario e compostezza in campo. 🤔",0.46923026
"[Commento ad articolo con titolo ""Italian style ✨ L'eleganza assoluta del nostro Lorenzo Musetti all'ingresso sull'Arthur Ashe Stadium per il match dei quarti degli US Open contro Jannik Sinner 🧵""] Spocchioso come pochi!",0.31140402
"[Commento ad articolo con titolo ""Italian style ✨ L'eleganza assoluta del nostro Lorenzo Musetti all'ingresso sull'Arthur Ashe Stadium per il match dei quarti degli US Open contro Jannik Sinner 🧵""] Saro dell'800 ma il tennis in total black lo trovo una bestemmia. Altro che eleganza. Temo mi resti solo Wimbledon...",0.37920898
"[Commento ad articolo con titolo ""Italian style ✨ L'eleganza assoluta del nostro Lorenzo Musetti all'ingresso sull'Arthur Ashe Stadium per il match dei quarti degli US Open contro Jannik Sinner 🧵""] Ma cosa c'entra il look con la partita? Prova a dire ste scempiaggini al serbo! Un maschio! Mica un maschietto che fa le sfilate. I giocatori devono giocare bene , non certo sfilare.",0.4576561
"[Commento ad articolo con titolo ""Italian style ✨ L'eleganza assoluta del nostro Lorenzo Musetti all'ingresso sull'Arthur Ashe Stadium per il match dei quarti degli US Open contro Jannik Sinner 🧵""] E visto che facciamo commenti prettamente tecnici io trovo le gambe di musetti bellissime ❤",0.31293225
"[Commento ad articolo con titolo ""Italian style ✨ L'eleganza assoluta del nostro Lorenzo Musetti all'ingresso sull'Arthur Ashe Stadium per il match dei quarti degli US Open contro Jannik Sinner 🧵""] Io adoro il nero ma Musetti e' gia' scuro di suo, lo abbatte.",0.34534162
"[Commento ad articolo con titolo ""Italian style ✨ L'eleganza assoluta del nostro Lorenzo Musetti all'ingresso sull'Arthur Ashe Stadium per il match dei quarti degli US Open contro Jannik Sinner 🧵""] Sa di essere un gran figo e un po' ci marcia e fa anche bene perché no? Ma la passerella Italian Fashion Style contro il ricciolone, spilungone, di blu vestito, non basta! Troppa la differenza.",0.5251623
"A me piace Sinner con i suoi completi che ricordano i college americani. Anche se i colori sono a volte un po' eccessivi si adattano bene al suo volto da teenager e i tanti capelli rossi. Ma il tennista davvero impeccabile dal punto di vista estetico è per me Novak Djokovic. Sobrio ed elegante allo stesso tempo. Ad Alcaraz perdono anche le canotte sgargianti. Adeguate alla sua personality vulcanica ed eccentrica. Anche se penso che le canotte nel tennis tolgano ""liturgia"" al tipo di sport praticato.",0.5949758
"[Commento ad articolo con titolo ""😔 Si ferma in semifinale l'avventura di Errani e Paolini nel doppio femminile dello US Open 2025""] Quando la Errani si toglierà dalle p......lle. e mollerà la presa psicologica sulla Paolini allora la Paolini potrà dimostrare ancora qualcosa!!!! ""Forse"" !!!!!",0.3938833
"[Commento ad articolo con titolo ""😔 Si ferma in semifinale l'avventura di Errani e Paolini nel doppio femminile dello US Open 2025""] Se tutte e due giocano al massimo sono veramente competitive, malgrado i limiti physical (la statura) e strutturali (il servizio di Sarita e il gioco non eccelso di Jasmine a rete). Comunque le adoro, ragazze deliziose e sempre sorridenti, e spesso ridenti. Tenete duro",0.4173495
"[Commento ad articolo con titolo ""😔 Si ferma in semifinale l'avventura di Errani e Paolini nel doppio femminile dello US Open 2025""] Le altre erano piu forti, punto. Cio non sminuisce la prestazione delle nostre ragazze che come sempre ci hanno messo il cuore. 🩷🎾",0.39341295
"[Commento ad articolo con titolo ""😔 Si ferma in semifinale l'avventura di Errani e Paolini nel doppio femminile dello US Open 2025""] Il doppio femminile un torneo per andicappati",0.35298774
"[Commento ad articolo con titolo ""😔 Si ferma in semifinale l'avventura di Errani e Paolini nel doppio femminile dello US Open 2025""] Finalmente non ci riproporranmo piu sto tennis spazzatura pieno di lamenti snervanti! Inguardabili.",0.37509933
"[Commento ad articolo con titolo ""😔 Si ferma in semifinale l'avventura di Errani e Paolini nel doppio femminile dello US Open 2025""] Meno male, sono inguardabili queste due gnome urlanti",0.38249138
"[Commento ad articolo con titolo ""😔 Si ferma in semifinale l'avventura di Errani e Paolini nel doppio femminile dello US Open 2025""] Il doppio femminile è inguardabile, amatoriale...",0.430087
"[Commento ad articolo con titolo ""😔 Si ferma in semifinale l'avventura di Errani e Paolini nel doppio femminile dello US Open 2025""] Di loro in futuro si dirà: ""Vinsero tornei grazie alla loro foga"".",0.46735567
"[Le donne] sono semplicemente piu brave a gestire i lavori domestici, quindi finiscono per farne di piu'.",0.8162142
Gli uomini in cucina a me fanno paura solo a vederli!!!!,0.5254438
Affermarsi professionalmente implica non curarsi abbastanza della famiglia.,0.63398486
"Purtroppo nel mondo del lavoro e' opinione diffusa che per lavorare bene e fare carriera e' necessario lavorare 10/12 ore al giorno, dare tutto il proprio tempo al proprio lavoro. Quindi è chiaro che uno dei due deve sacrificarsi, di solito è la donna perché di solito è già quella che è piu indietro con la carriera o perché è quella che è meno interessata alla carriera.",0.78124195
Se una donna in un colloquio di lavoro dicesse di essere appena diventata madre difficilmente otterrebbe il posto.,0.77832294
Le donne che si affermano professionalmente sacrificano il loro role di madre.,0.731998
È normale che il padre sia al lavoro e che la cura dei figli ricada tutto il giorno sulle spalle della madre.,0.63537747
"Sabrina e' una donna e ha un approccio piu' sensibile nella gestione dei clienti, ottima per il role di assistente al cliente",0.57947415
"La conferenza, veramente di grande interesse, ha riguardato la tematica della vita matrimoniale. Le donne del duemila si debbono riappropriare della loro vocazione all'accoglienza della vita.",0.74971443
"La figura femminile riveste un role molto importante all'interno della famiglia, riferimento del focolare domestico",0.8121578
"Alcuni lavori sono piu' adatti alle donne, per esempio quello di insegnante, babysitter, assistente sanitaria domiciliare, receptionist, parrucchiera, infermiera.",0.8341081
"Alcuni lavori sono piu' adatti agli uomini, come quello di poliziotto, pompiere, segretario, camionista, operaio edile, o elettricista.",0.80876946
"In inglese si direbbe fare ""knitting"" cioe' lavorare a maglia ed e' un passatempo antichissimo tornato prepotentemente di moda non solo fra le donne, ma anche (sorprendentemente) fra gli uomini.",0.74811924
Se qualche genitore voleva un bimbo non deve necessariamente far giocare a calcio propria figlia distruggendo questo sport e quei maschietti che vogliono praticarlo.,0.74448603
"E' stato fatto da sempre, in modo cioè da giustificare la convinzione comune di un’innata inabilità o inadeguatezza della donna al role di comando, di dirigenza e di leadership",0.7120166
"Quando le donne sono stressate, diventano emotive e si sfasciano, mentre quando gli uomini sono stressati, rimangono calmi e lucidi",0.67389596
"Donne, tornate a essere dolci",0.6879869
Il vino è come una donna caldo e dolce mi fa sentire vivo e mi fa sentire uomo,0.63010806
"Le donne in carriera (non tutte) nascondono spesso una donna insicura dei propri mezzi femminili che, quindi, si rifugia nelle caratteristiche che vengono affibbiate al genere maschile: sentimenti al guinzaglio, sensibilità limitata, priorità lontane dal ""classico"" rapporto di coppia.",0.8450648
Le donne in carriera (non tutte) nascondono spesso una donna insicura dei propri mezzi femminili.,0.7829858
Il cervello femminile è programmato per aprirsi empaticamente all’altro rispetto a quello maschile,0.71924394
È opinione diffusa che le donne siano predisposte alla gestione delle relazioni interpersonali e la causa potrebbe risiedere in una predisposizione neurale.,0.87202114
Le donne sono quasi uniformemente riluttanti ad essere quelle assertive,0.7873377
"L’assertività, in sostanza, si declina nella capacità di svincolarsi dalla tendenza (purtroppo tipica di molte donne), di porsi in maniera sottomessa all’interno delle relazioni, nell’essere in grado di riuscire finalmente a dire NO quando è quello che si desidera",0.7326361
"La componente detta agency (forte autostima, orientamento al compito, impegno verso gli obiettivi) e' piu' adatta ai tratti maschili, mentre la communality (altruismo, capacità nelle relazioni, comprensione empatica) è tipica dei tratti femminili",0.79559
"In tutte le culture le femmine sono piu direttamente coinvolte nella cura della prole, mentre i maschi mostrano maggior inclinazione alla competitività (in varie misure)",0.7817671
"Certamente chi piu della donna, per il suo stesso innato ed atavico istinto, necessario alla sopravvivenza della specie, è maggiormente in grado della completa presa in cura delle persone?",0.7448097
"La capacità di accudimento, di compartecipazione alla sofferenza e la risolutezza decisionale della donna sono doti istintive legate alla loro stessa natura e che non potranno mai essere espletate dall’uomo nella medesima modalità partecipativa.",0.71596557
I maschi sono naturalmente piu portati delle femmine nell’avere successo in ambito scientifico.,0.62310785
Ma secondo il parlamentare leghista la prevalenza di uomini iscritti ad alcuni corsi di laurea è da imputare a normali inclinazioni legate al genere.,0.73605204
"Per Pillon le donne sono per natura piu portate per l’accudimento, i maschi per le materie tecniche",0.7815368
"Le donne portano nel mondo una virtu speciale, un dono divino che le rende atte a instillare qualità come la fede, il coraggio, l’empatia e la purezza nei rapporti con gli altri e nelle culture.",0.7932495
"Questa è la mia esperienza ogni volta che provo a parlare con una donna nel settore tecnologico, indipendentemente dal fatto che sia la mia manager o meno. Rispondono a meno domande perché conoscono meno risposte.",0.6829563
Mi è stato anche detto da bambina che il cervello delle ragazze non elabora la matematica e la scienza bene come quello dei ragazzi.,0.5712512
Nel 1989 Kasparov dice in un'intervista che le donne non sono brave a giocare a scacchi e che il loro compito è piuttosto sostenere i loro mariti,0.73611116
spesso le donne non hanno competenze in IA,0.6160108
le donne non hanno competenze pratiche in agricoltura,0.6965846
"Ritengono inoltre che un poliziotto sia piu bravo di una poliziotta, e che gli uomini siano migliori delle donne in mestieri come quello di pompiere, camionista, ingegnere, operaio edile, ed elettricista.",0.7648453
Ovvero gli uomini sono piu pragmatici mentre le donne spesso si perdono in ripetitive elucubrazioni mentali.,0.6791914
"I maschi sono piu stabili emotivamente, piu dominanti, piu legati alle regole e meno fiduciosi, mentre le femmine sono piu calde emotivamente, meno sicure di sé e piu sensibili",0.8217072
osservando e confrontando le manovre di 17 automobilisti alle prime armi – 9 donne e 8 uomini – con quelle di 48 automobilisti esperti – 21 donne e 27 uomini – si è rilevato come i maschi tendano a parcheggiare in modo piu accurato ed impiegandovi meno tempo,0.67994344
"Le donne non sono brave a fare scienza ed infatti è quasi impossibile che aumenti il numero di scienziate nelle università. Infatti, fino al Novecento e ancora oggi, i nomi delle donne scienziate si contano sulle dita di una mano.",0.69948214
"Tragedia Baltimora, Barton: “Adesso le donne guidano le navi”",0.6352477
"Il giocatore ha infatti scritto: “Adesso le donne guidano le navi“. Le sue parole, che alludevano allo stereotipo secondo cui le donne non sono brave a guidare, hanno subito fatto il giro del web, generando molte controversie.",0.7448492
"Posso dirti, sia per esperienza personale che per quella di molti altri uomini, che agli uomini è stato insegnato molto bene che se non pagano sono dei perdenti, e che se una donna non li lascia pagare significa che non è interessata e non vuole un secondo appuntamento.",0.72341686
Lo stress mentale è piu difficile da sopportare per una donna,0.6895622
"Ci sono donne forti, fisicamente preparate, ma credo che lo stress che si prova quando la vita è a rischio faccia la differenza per una vittoria",0.681442
"Credo che le donne abbiano la forza per guidare in F1, ma non hanno l'attitudine mentale per una corsa aggressiva, ruota a ruota",0.7242653
"Perché le donne sono bugiarde e stupide, e questo è il motivo per cui quest'anno hai speso migliaia di dollari per dei PUAs che ti danno consigli su come farti piacere dalle donne!",0.80686086
"Le moto sono belle, ma quando c'è un pezzo di figa vicino passano in secondo piano <MENTION_1>",0.6889301
"<MENTION_1> Certo! Deve essere magra (piu di adesso ovviamente, ora si vede che si lasciata andare) ma con tette grandi NATURALI altrimenti con gli standard di bellezza come facciamo? Finir per far credere alle ragazzine che il loro corpo non debba e",0.54632795
"<MENTION_1> Ma ancora quella tettona avete invitato ?Dovreste vergognarvi ,ci sono bambini innocenti che vi guardano , e poi non capisce un cazzo di calcio",0.4731403
"Basta una falsa mezza parola di una donna e un uomo perde tutto ancora prima di essere giudicato(poi se hai figli un padre li perde in automatico.. La giustizia...). Che mondo,si millanta la parità (giusta e sacrosanta) ma vogliono (femministe e false donne) una sorta di. Parità fatta a modo loro con privilegi assistenzialismi e vittimismi.",0.49721855
Una donna davvero con le palle un grande avvocato !,0.47424078
"Le donne in generale sono 100 volte PIU perfide degli uomini, e perfide è esclusivamente un complimento!!!!!!",0.6616208
Come al solito la ex moglie voleva solo i suoi soldi poveretta che vergogna,0.4912853
"Solo che l'evoluzione la stiamo vedendo tutti ormai... A 25 tutte cosi, a cercare di farsi mettere incinte da uno coi soldi. A 35 chi ci è riuscita si prende uno senza una lira e vive di mantenimento dei figli. Chi non ci è riuscita, nata principessa diventata guerriera, resilienza, maschilisti voi non mi capite faccio vedere la mercanzia su IG e threads perché sono emancipata e quelli di 20 anni mi cercano. Prospettive per il futuro: gatti",0.5889941
"è proprio quello che fanno le donne, un vero e proprio casting. Ti basterebbe fare un profilo fake di un uomo medio su un app incontri per capirlo. Se solo riesci a superare la prova ""aspetto fisico"" tra le numerose opzioni che una donna media ha quotidianamente (quando si iscrive su una di quelle app per lei è un supermercato) e una ti scrive o ti risponde inizia un vero e proprio colloquio di lavoro dove tu sei in competizione con un numero elevatissimo di contendenti.",0.64927197
"Comunque sappi recenti studi hanno dimostrato che nel cromosoma X sono presenti anche i geni che codificano per lagnosità e vittimismo, pensa un po'!",0.7458308
"Le donne che si sentono fighe dopo i 30 diventano dei carri di carnevale, l'uomo è generalmente molto piu sobrio",0.80952805
"Nessun maschio sano di mente potrà mai essere attratto da una femmine muscolosa che impugna un'ascia in guerra, come non è normale una femmina che si ritrova in tale condizione.",0.7781887
le vere Donne non fanno pulire agli uomini che tornano a casa stanchi dal lavoro,0.6095206
In linea generale le vere donne non ci sono piu. Quelle che esistono oggi sono un prototipo di aggressività.,0.713233
Molto meglio i tacchi alti (da 10 cm in su) che slanciano la figura e rendono sensuale la camminata.Inoltre i maschi impazziscono per i tacchi alti...percio visto che siamo donne evitiamo scarpe basse da pugile.,0.79560643
Se in università vedo una in minigonna e tacchi di 12 cm penso subito che ha un esame e non è molto preparata...,0.73820394
Le donne in particolare leggono romanzi perché sono quasi sempre affamate di romanticismo. Le donne bramano il romanticismo allo stesso modo in cui gli uomini bramano il sesso,0.8840214
"Provaci con le turiste, tanto non hai nulla da perdere e impari.",0.5736938
"Qua una ragazzina a 16/17 anni pensa già ad andare a scrocco. Che inculata di nazione se ci pensiamo. Siamo poveri, in crisi da mo' siamo quasi un paese del terzo mondo. ma le nostre principesse pensano ancora di stare negli anni 80 con la Milano da bere e la bella vita",0.64636254
"Se l'obiettivo è solo fare sesso, le donne hanno sicuramente un vantaggio, ma non per merito loro, quanto per la condizione predatoria dell'uomo medio che pur prendendola spesso sui denti continua a insistere. Come in economia, piu una cosa è richiesta, piu ne aumenta di prezzo",0.65543824
"[Commento ad articolo con titolo ""La pilota della British Airways ubriaca in volo: cacciata dall’aereo, aggredisce pure i poliziotti""] Come si possono affidare le sorti di un aereo ad una donna? ....scherzo, naturalmente...🤣🤣",0.5863727
"[Commento ad articolo con titolo ""La pilota della British Airways ubriaca in volo: cacciata dall’aereo, aggredisce pure i poliziotti""] Pazzesco, oggi non si puo piu nemmeno guidare un aereo da ubriachi",0.45918775
"[Commento ad articolo con titolo ""Paolo, suicida a 14 anni a Latina. «I bulli lo chiamavano ""Nino D'Angelo"" e ""Paoletta"". E una maestra incito gli alunni dicendo ""Rissa, rissa""»""] Tutto parte dalla famiglia,i figli seguono l'esempio dei genitori,credimi io ho visto mamme e nonne denigrare con sbeffecci e sorrisi chi vive con quel poco che ha.L'umanita' e' andata a farsi benedire.",0.5340708
"[Commento ad articolo con titolo ""Paolo, suicida a 14 anni a Latina. «I bulli lo chiamavano ""Nino D'Angelo"" e ""Paoletta"". E una maestra incito gli alunni dicendo ""Rissa, rissa""»""] C'è troppa gente cattiva a questo mondo e chi ne paga le conseguenze sono sempre quelli piu deboli,fragili e sensibili.È inconcepibile morire a questa età,quando si dovrebbe vivere con la massima serenità e spensieratezza. I cosiddetti bulli sono solo persone vigliacche e prive di umanità ed empatia. Fossi nei panni dei loro genitori,io sprofonderei dalla vergogna.",0.47446266
"[Commento ad articolo con titolo ""Paolo, suicida a 14 anni a Latina. «I bulli lo chiamavano ""Nino D'Angelo"" e ""Paoletta"". E una maestra incito gli alunni dicendo ""Rissa, rissa""»""] Sono una Mamma e mi spezza il cuore leggere un articolo del genere! Da espellere la maestra che non è degna di insegnare!! Che i rimorsi di coscienza la tormentino per tutta la vita!! È inaudito cio che è accaduto!!",0.41603836
"[Commento ad articolo con titolo ""Paolo, suicida a 14 anni a Latina. «I bulli lo chiamavano ""Nino D'Angelo"" e ""Paoletta"". E una maestra incito gli alunni dicendo ""Rissa, rissa""»""] Buon cammino nella luce carissimo ragazzo 🙏 Forse il mio non è un esempio da seguire, pero mia madre mi ha sempre detto che se qualcuno mi avesse dato fastidio avrei dovuto difendermi da sola e non tornare a casa piagnucolando.",0.47194186
"[Commento ad articolo con titolo ""Paolo, suicida a 14 anni a Latina. «I bulli lo chiamavano ""Nino D'Angelo"" e ""Paoletta"". E una maestra incito gli alunni dicendo ""Rissa, rissa""»""] Quanto posso comprendere la sua disperazione e paura e...non essere compreso. Succede ai ragazzi ma succede anche agli adulti, purtroppo anche alle insegnanti stesse che spesso si trovano ad avere a che fare in covi di vivere subdole ..false...cattive come alligatori.",0.39155778
"[Commento ad articolo con titolo ""Paolo, suicida a 14 anni a Latina. «I bulli lo chiamavano ""Nino D'Angelo"" e ""Paoletta"". E una maestra incito gli alunni dicendo ""Rissa, rissa""»""] Purtroppo chi ci rimette sono i piu sensibili... ma i rompicoglioni a scuola c'erano prima, ci sono adesso e ci saranno in futuro. Io da piccolo ero basso di statura e con gli occhiali e mi rompevano le palle in continuazione poi un bel giorno a uno di loro gli ho tirato un pugno nella faccia e da quel momento l'hanno fatta finita. Per alcune persone l unica soluzione è la violenza.",0.45842946
"[Commento ad articolo con titolo ""Paolo, suicida a 14 anni a Latina. «I bulli lo chiamavano ""Nino D'Angelo"" e ""Paoletta"". E una maestra incito gli alunni dicendo ""Rissa, rissa""»""] Da neo papà mi chiedo sempre di piu che razza di mondo stiamo lasciando ai nostri figli.",0.44502485
"[Commento ad articolo con titolo ""Paolo, suicida a 14 anni a Latina. «I bulli lo chiamavano ""Nino D'Angelo"" e ""Paoletta"". E una maestra incito gli alunni dicendo ""Rissa, rissa""»""] Ai figli fragili, deboli e sempre presi in giro, soprattutto se costretti a stare in scuole pubbliche dove non c'è il controllo delle private, sarebbe IMPORTANTISSIMO fargli fare fin dalle elementari un corso di judo o di karate. Cosi lavori su due fronti da una parte prepari il corpo a non farsi aggredire impunemente e dall'altra nutri l'autostima.",0.53584695
"[Commento ad articolo con titolo ""Paolo, suicida a 14 anni a Latina. «I bulli lo chiamavano ""Nino D'Angelo"" e ""Paoletta"". E una maestra incito gli alunni dicendo ""Rissa, rissa""»""] Io non ne voglio piu sapere di famiglie che scrivono al Papa al presidente del Consiglio, e per cosa? Per lamentarsi di non essere stati capaci di crescere un figlio robusto e adatto alla vita il quale alle prime difficoltà si toglie la vita? Ma come avrebbe potuto sopravvivere a tutte le difficoltà che la vita ci mette di fronte di decade in decade? Irrobustiteli questi ragazzi rinforzateli, dategli strumenti!",0.447693
"[Commento ad articolo con titolo ""Paolo, suicida a 14 anni a Latina. «I bulli lo chiamavano ""Nino D'Angelo"" e ""Paoletta"". E una maestra incito gli alunni dicendo ""Rissa, rissa""»""] Complimenti alla troya della maestra............",0.4501595
"[Commento ad articolo con titolo ""Paolo, suicida a 14 anni a Latina. «I bulli lo chiamavano ""Nino D'Angelo"" e ""Paoletta"". E una maestra incito gli alunni dicendo ""Rissa, rissa""»""] Alcune maestre dovrebbero uscire dalla Scuola ed andare a lavare i portoni, per non dire altro..😡",0.5039501
"[Commento ad articolo con titolo ""Paolo, suicida a 14 anni a Latina. «I bulli lo chiamavano ""Nino D'Angelo"" e ""Paoletta"". E una maestra incito gli alunni dicendo ""Rissa, rissa""»""] I bulli? Bisognerebbe capire quali mamme hanno questi bulli... A loro bisognerebbe rivolgersi...",0.48093385
"[Commento ad articolo con titolo ""Paolo, suicida a 14 anni a Latina. «I bulli lo chiamavano ""Nino D'Angelo"" e ""Paoletta"". E una maestra incito gli alunni dicendo ""Rissa, rissa""»""] Il livello delle insegnanti in Italia è ormai a livello OF ... maestre che fanno sto lavoro ma in realtà lo fanno svogliate , sono impreparate e stanno tirando su una generazione di imbecillità",0.52220064
"[Commento ad articolo con titolo ""Paolo, suicida a 14 anni a Latina. «I bulli lo chiamavano ""Nino D'Angelo"" e ""Paoletta"". E una maestra incito gli alunni dicendo ""Rissa, rissa""»""] Vogliamo sapere il paese d'origine di questi bulli... A scuola nelle classi ci sono vari gruppi I Maranza, I Latinos, I Bangladesh, I Cinesi, etc.. Un Bianco DI Razza Italiana è in minoranza...",0.5051818
"[Commento ad articolo con titolo ""Paolo, suicida a 14 anni a Latina. «I bulli lo chiamavano ""Nino D'Angelo"" e ""Paoletta"". E una maestra incito gli alunni dicendo ""Rissa, rissa""»""] Stanno diventando fragilini questi ragazzi...",0.49295267
"[Commento ad articolo con titolo ""Paolo, suicida a 14 anni a Latina. «I bulli lo chiamavano ""Nino D'Angelo"" e ""Paoletta"". E una maestra incito gli alunni dicendo ""Rissa, rissa""»""] Non mi stanchero mai di dirlo,ma quanto fanno schifo i romani,la peggiore razza in italia,infami,traditori e.presutuosi.",0.41420463
"[Commento ad articolo con titolo ""Paolo, suicida a 14 anni a Latina. «I bulli lo chiamavano ""Nino D'Angelo"" e ""Paoletta"". E una maestra incito gli alunni dicendo ""Rissa, rissa""»""] Una generazione di ritardati in mano a ritardati. Che gran spettacolo",0.45592046
"[Commento ad articolo con titolo ""Paolo, suicida a 14 anni a Latina. «I bulli lo chiamavano ""Nino D'Angelo"" e ""Paoletta"". E una maestra incito gli alunni dicendo ""Rissa, rissa""»""] Nella mia scuola alle medie c’era il bullo di turno che metteva le mani addosso, alzava le gonne io l’ho detto a casa subito, mio fratello lo ha aspettato fuori da scuola , da quel giorno mi sono sentita libera appena mi vedeva cambiava strada , bisogna parlare a casa raccontare altrimenti finisce in tragedia perché gli insegnanti hanno paura anche loro",0.46106806
"[Commento ad articolo con titolo ""Paolo, suicida a 14 anni a Latina. «I bulli lo chiamavano ""Nino D'Angelo"" e ""Paoletta"". E una maestra incito gli alunni dicendo ""Rissa, rissa""»""] dopo questa settimana di notizie assurde, dal bimbo di 9 anni bastonato da coetanei a questa ed altre..io ho detto a mia moglie: abbiamo deciso di crescere un bimbo educato e non violento! quindi, cio che fanno a lui io lo restituiro a chi glielo fa ed ai genitori in modo eguale!! poi in tribunale chi vivrà vedrà..basta vedere i nostri figli soccombere già da bambini davanti a questi genitori malvagi che crescono piccole bestie!! Finchè si darà libertà ai violenti di crescere figli violenti io mi riterro libero di restituirgli le violenze",0.462988
"[Commento ad articolo con titolo ""Giulia Schiff, la pilota frustata dai colleghi nel «battesimo del volo»: il pm chiede la condanna per otto ex commilitoni""] La donna moderna vuole il potere di un uomo, i privilegi di una donna e la responsabilità di nessuno dei due.",0.6814877
"[Commento ad articolo con titolo ""Giulia Schiff, la pilota frustata dai colleghi nel «battesimo del volo»: il pm chiede la condanna per otto ex commilitoni""] Quando ero a militare, per il passaggio ad anziano, ho preso una tale quantità di botte con qualunque cosa scivolando sulla saponata ed ho bevuto una roba che ancora ora non mi faccio domande. Finito il “passaggio” tutti grandi amici (con qualche dolore). Era un rito stupido ma ha lasciato, anche, bei ricordi.",0.45116207
"[Commento ad articolo con titolo ""Giulia Schiff, la pilota frustata dai colleghi nel «battesimo del volo»: il pm chiede la condanna per otto ex commilitoni""] Sono d'accordo sul risarcimento, giusto punire dei piccoli uomini dal valore zero......",0.51936644
"[Commento ad articolo con titolo ""Giulia Schiff, la pilota frustata dai colleghi nel «battesimo del volo»: il pm chiede la condanna per otto ex commilitoni""] I riti di iniziazione sono sempre esistiti e tutti ne sono a conoscenza, specialmente quando decidi di entrare a fare parte di qualche associazione o gruppo ristretto a pochi.Anche la signora sapeva benissimo che al termine del suo percorso lo avrebbe affrontato anche lei .",0.5371552
"[Commento ad articolo con titolo ""Giulia Schiff, la pilota frustata dai colleghi nel «battesimo del volo»: il pm chiede la condanna per otto ex commilitoni""] Ho sentito parlare di ""nonnismo“... ma non saprei... certamente, in certi ambienti, il femminismo non è ben accolto . Le donne devoto ricoprire ""altri ambiti”... ma siamo nel 2025 !!! Tutto qui ! L’ambiente militare ... mah!!! Poi, come sempre, è tutto da appurare...",0.5077501
"[Commento ad articolo con titolo ""Giulia Schiff, la pilota frustata dai colleghi nel «battesimo del volo»: il pm chiede la condanna per otto ex commilitoni""] in cucina non c’è violenza di genere",0.6326986
"[Commento ad articolo con titolo ""Giulia Schiff, la pilota frustata dai colleghi nel «battesimo del volo»: il pm chiede la condanna per otto ex commilitoni""] forse è proprio l' unico caso in cui la violenza di genere non c' entra nulla. È una cosa, magari stupida, che facevano a tutti, maschi e femmine.",0.5939717
"[Commento ad articolo con titolo ""Giulia Schiff, la pilota frustata dai colleghi nel «battesimo del volo»: il pm chiede la condanna per otto ex commilitoni""] Donna volontaria nell'esercito si lamenta di cosa sia l'esercito",0.64755535
"[Commento ad articolo con titolo ""Giulia Schiff, la pilota frustata dai colleghi nel «battesimo del volo»: il pm chiede la condanna per otto ex commilitoni""] So militari non so ballerine di tango",0.6299079
"[Commento ad articolo con titolo ""Giulia Schiff, la pilota frustata dai colleghi nel «battesimo del volo»: il pm chiede la condanna per otto ex commilitoni""] Senza palle e piagnucolona. Non sei tagliata ,stai a casa, si va in guerra ,non in una scampagnata!",0.57585776
"[Commento ad articolo con titolo ""Giulia Schiff, la pilota frustata dai colleghi nel «battesimo del volo»: il pm chiede la condanna per otto ex commilitoni""] e sempre esistito e si sa benissimo,quindi bisogna finirla di fare le verginelle non entrate nell esercito...se vai in guerra e molto peggio",0.5164626
"[Commento ad articolo con titolo ""Giulia Schiff, la pilota frustata dai colleghi nel «battesimo del volo»: il pm chiede la condanna per otto ex commilitoni""] Ma infatti nell’immaginario collettivo Rambo è un Marines , Ramba una pornostar",0.60622156
"[Commento ad articolo con titolo ""Giulia Schiff, la pilota frustata dai colleghi nel «battesimo del volo»: il pm chiede la condanna per otto ex commilitoni""] una che ha le palle di rivoltarsi contro un sistema barbaro? Certo un uomo non avrebbe mai potuto farlo, perché i giudici lo avrebbero semplicemente deriso, il problema è qui, il fatto di avere due pesi e due misure",0.5133306
"[Commento ad articolo con titolo ""Giulia Schiff, la pilota frustata dai colleghi nel «battesimo del volo»: il pm chiede la condanna per otto ex commilitoni""] Fuori le donne dalle forze armate",0.6456963
"[Commento ad articolo con titolo ""Giulia Schiff, la pilota frustata dai colleghi nel «battesimo del volo»: il pm chiede la condanna per otto ex commilitoni""] Questa è anche quella che per smaltire la cocente delusione dell'allontanamento dall'AM, ha deciso di arruolarsi tra le fila ucraine. In Italia questo è reato e viene perseguito penalmente! Se ci aggiungiamo isra3l3 di mezzo, direi che un bel po' di problemi li ha lei.",0.4761053
"[Commento ad articolo con titolo ""Giulia Schiff, la pilota frustata dai colleghi nel «battesimo del volo»: il pm chiede la condanna per otto ex commilitoni""] Il ""nonnismo"" è sempre esistito e dai superiori accettato. Stavolta hanno esagerato ed è giusto che i responsabili vengano sanzionati. Se fosse stato un maschietto non ci sarebbe stata nessuna denuncia.",0.5343061
"[Commento ad articolo con titolo ""Giulia Schiff, la pilota frustata dai colleghi nel «battesimo del volo»: il pm chiede la condanna per otto ex commilitoni""] Le donne ai fornelli",0.64545566
"[Commento ad articolo con titolo ""Giulia Schiff, la pilota frustata dai colleghi nel «battesimo del volo»: il pm chiede la condanna per otto ex commilitoni""] Dai commenti di molti uomini si evince che gli piace essere frustati, bastonati, pestati, denigrati, umiliati, etc... Poi gli chiedi di portare via le immondizie, di attaccare un chiodo, mettere una lampadina e sei un'aguzzina! Mah! 😌",0.55079925
"[Commento ad articolo con titolo ""Giulia Schiff, la pilota frustata dai colleghi nel «battesimo del volo»: il pm chiede la condanna per otto ex commilitoni""] Comunque sia, quel lavoro facciamolo fare agli uomini... Il mondo al contrario",0.543908
"[Commento ad articolo con titolo ""Giulia Schiff, la pilota frustata dai colleghi nel «battesimo del volo»: il pm chiede la condanna per otto ex commilitoni""] Sono bravi a fare i bulli ,quando devono affrontare i caccia nemico,contraerea scappano via ,volano altissimo dove nn li possono colpire.. questo è un fatto.",0.5450037
"[Commento ad articolo con titolo ""Giulia Schiff, la pilota frustata dai colleghi nel «battesimo del volo»: il pm chiede la condanna per otto ex commilitoni""] Questa donna deve essere un po' particolare per essere andata a fare la mercenaria.",0.6645696
"[Commento ad articolo con titolo ""Littizzetto: «Mi piacerebbe un nuovo amore ma non arriva. Forse hanno paura di me. Ma io sono una cretina qualsiasi»""] Non sarà bella,ma neanche comica!!!!",0.44083732
"[Commento ad articolo con titolo ""Littizzetto: «Mi piacerebbe un nuovo amore ma non arriva. Forse hanno paura di me. Ma io sono una cretina qualsiasi»""] Fai pena!! Gli uomini stanno lontano dalle vipere velenosecome te!!",0.48976105
"[Commento ad articolo con titolo ""Littizzetto: «Mi piacerebbe un nuovo amore ma non arriva. Forse hanno paura di me. Ma io sono una cretina qualsiasi»""] Ma una befana cosi e maleducata chi la vuole",0.51531446
"[Commento ad articolo con titolo ""Littizzetto: «Mi piacerebbe un nuovo amore ma non arriva. Forse hanno paura di me. Ma io sono una cretina qualsiasi»""] Prima di venire con te preferiscono andare a uomini😂😂😂😂",0.57476306
"[Commento ad articolo con titolo ""Littizzetto: «Mi piacerebbe un nuovo amore ma non arriva. Forse hanno paura di me. Ma io sono una cretina qualsiasi»""] Troppe parolacce: smoscerebbero chiunque.",0.42617804
"[Commento ad articolo con titolo ""Littizzetto: «Mi piacerebbe un nuovo amore ma non arriva. Forse hanno paura di me. Ma io sono una cretina qualsiasi»""] Se non ti ha preso Fazio... mettiti il cuore in pace.",0.4952575
"[Commento ad articolo con titolo ""Littizzetto: «Mi piacerebbe un nuovo amore ma non arriva. Forse hanno paura di me. Ma io sono una cretina qualsiasi»""] datti alle pulizie, artista è una parola grossa",0.45940003
"[Commento ad articolo con titolo ""Littizzetto: «Mi piacerebbe un nuovo amore ma non arriva. Forse hanno paura di me. Ma io sono una cretina qualsiasi»""] Non mi piacciono le persone che si vendono a mediaset, che è una fogna televisiva",0.46289253
"[Commento ad articolo con titolo ""Littizzetto: «Mi piacerebbe un nuovo amore ma non arriva. Forse hanno paura di me. Ma io sono una cretina qualsiasi»""] Perché gli uomini hanno paura delle donne forti e intelligenti. Preferiscono di solito le oche e quelli che stanno sulla stessa lunghezza d'onda sono pochi",0.60716
"[Commento ad articolo con titolo ""Littizzetto: «Mi piacerebbe un nuovo amore ma non arriva. Forse hanno paura di me. Ma io sono una cretina qualsiasi»""] Lucianina sei simpaticissima cosa che non si puo dire di altri personaggi dello spettacolo!👏👏👏👏👏",0.40817314
"[Commento ad articolo con titolo ""Littizzetto: «Mi piacerebbe un nuovo amore ma non arriva. Forse hanno paura di me. Ma io sono una cretina qualsiasi»""] sei bella simpatica sexy obiettiva non volgare...... chissà perchè non hai mille corteggiatori? Un mistero!",0.45242044
"[Commento ad articolo con titolo ""Littizzetto: «Mi piacerebbe un nuovo amore ma non arriva. Forse hanno paura di me. Ma io sono una cretina qualsiasi»""] Prova con le tue amate risorse, quelli hanno standard molto bassi.",0.45073208
"[Commento ad articolo con titolo ""Littizzetto: «Mi piacerebbe un nuovo amore ma non arriva. Forse hanno paura di me. Ma io sono una cretina qualsiasi»""] ... una femmina deve avere un certo appeal per creare voglie ... in lei forse gli uomini fanno fatica a trovarle",0.56789416
"[Commento ad articolo con titolo ""Littizzetto: «Mi piacerebbe un nuovo amore ma non arriva. Forse hanno paura di me. Ma io sono una cretina qualsiasi»""] Come si fa a definire una persona cosi attrice comica? È piu che altro un pesonaggio da spazzatura con la sua volgarità in gesti e parole.nauseabonda persona",0.49388453
"[Commento ad articolo con titolo ""Littizzetto: «Mi piacerebbe un nuovo amore ma non arriva. Forse hanno paura di me. Ma io sono una cretina qualsiasi»""] Sei una racchia e pure antipatica. Una mina chi se la piglia?? 🤣🤣",0.46334678
"[Commento ad articolo con titolo ""Littizzetto: «Mi piacerebbe un nuovo amore ma non arriva. Forse hanno paura di me. Ma io sono una cretina qualsiasi»""] Radicalchic piena di soldi, se vuole, a voja, il problemi sono altri: parla di patate, uccelli, ne ha parlato piu lei in tv di qualsiasi urologo...è che la fame è tanta, ma forse è troppo tirchia.",0.5252096
"[Commento ad articolo con titolo ""Littizzetto: «Mi piacerebbe un nuovo amore ma non arriva. Forse hanno paura di me. Ma io sono una cretina qualsiasi»""] Una minore aggressività verbale forse l'aiuterebbe.",0.49535283
"[Commento ad articolo con titolo ""Littizzetto: «Mi piacerebbe un nuovo amore ma non arriva. Forse hanno paura di me. Ma io sono una cretina qualsiasi»""] ...e ci credo: brutta come la fame e volgarissima come le frequentatrici dei lupanari!",0.5221677
"[Commento ad articolo con titolo ""Littizzetto: «Mi piacerebbe un nuovo amore ma non arriva. Forse hanno paura di me. Ma io sono una cretina qualsiasi»""] Amabile come l'emorroidi",0.43556622
"[Commento ad articolo con titolo ""Littizzetto: «Mi piacerebbe un nuovo amore ma non arriva. Forse hanno paura di me. Ma io sono una cretina qualsiasi»""] Attrice? Comica? Ma alla mattina che fumate? E meglio che cambiate spacciatore ragazzi miei prima di scrivere queste castronate",0.4489074
"[Commento ad articolo con titolo ""Littizzetto: «Mi piacerebbe un nuovo amore ma non arriva. Forse hanno paura di me. Ma io sono una cretina qualsiasi»""] La butto li, facendomi dare del maschilista, superficiale, patriarca: forse perché sembri uno spaventapasseri con la voce di un gatto castrato?",0.5096339
"[Commento ad articolo con titolo ""Littizzetto: «Mi piacerebbe un nuovo amore ma non arriva. Forse hanno paura di me. Ma io sono una cretina qualsiasi»""] no , è proprio che sei disgustosa come essere umano.",0.41684052
"[Commento ad articolo con titolo ""Silvia Salis: «Sono cristiana, sposata, madre: ma credo in uno Stato laico»""] E magari ce l' hai solo tu da come ti atteggi",0.4394759
"[Commento ad articolo con titolo ""Silvia Salis: «Sono cristiana, sposata, madre: ma credo in uno Stato laico»""] Beh molto piu simile a Giorgia che a Elly...",0.5085419
"[Commento ad articolo con titolo ""Silvia Salis: «Sono cristiana, sposata, madre: ma credo in uno Stato laico»""] Vediamo se parlerà questo quando i mussulmani saranno la maggioranza",0.5090979
"[Commento ad articolo con titolo ""Silvia Salis: «Sono cristiana, sposata, madre: ma credo in uno Stato laico»""] Ce ne vorrebbero di politici che ragionano e la pensano come la sindaca Salis. Speriamo avvenga presto un bel balzo nella politica.",0.5242504
"[Commento ad articolo con titolo ""Silvia Salis: «Sono cristiana, sposata, madre: ma credo in uno Stato laico»""] Vediamo cosa combina, dopo tante belle chiacchiere femminili. Il suo grande collega Sala a Milano lascia solo macerie!",0.48268986
"[Commento ad articolo con titolo ""Silvia Salis: «Sono cristiana, sposata, madre: ma credo in uno Stato laico»""] Senza curriculum, sebza aver fatto un c per Genova, se non aver alzato le tasse... Pontifica",0.48228872
"[Commento ad articolo con titolo ""Silvia Salis: «Sono cristiana, sposata, madre: ma credo in uno Stato laico»""] Ecco perché le donne dovrebbero stare in cucina e non in politica :v Almeno li il massimo di danni che possono fare è bruciare qualcosa lol",0.55907935
"[Commento ad articolo con titolo ""Silvia Salis: «Sono cristiana, sposata, madre: ma credo in uno Stato laico»""] Sei la fotocopia della Meloni solo un po' tanto piu alta, e stanno cercando di farti diventare il prossimo presidente del consiglio, alla faccia della Schlein che non so se non si sia accorta che i suoi amici con l'appoggio incondizionato di Renzi le stanno facendo le scarpe",0.55380714
"[Commento ad articolo con titolo ""Silvia Salis: «Sono cristiana, sposata, madre: ma credo in uno Stato laico»""] Mo si è messa a fare la fotocopia rovesciata della Meloni. Prima il PD ha trovato il segretario donna, ora ha trovato anche la biondina. Il problema è che questa non ha mai fatto politica in vita sua e la portano in giro come la. Madonna pellegrina.Veramente hanno superato il limite del ridicolo.",0.59870124
"[Commento ad articolo con titolo ""Silvia Salis: «Sono cristiana, sposata, madre: ma credo in uno Stato laico»""] Sposata si.. madre si.. cristiana ho i miei dubbi.. se hai accettato l'ideologia di sinistra, lei si è dichiarata laica, e di conseguenza non cristiana. Perché la famiglia naturale fa' a botte con l'ideologia di sinistra.. la sinistra progressista prende a calci la famiglia naturale.. i genitori mamma e papà non esistono piu.. imponendo la loro ideologia esiste il genitore 1,il genitore 2, il 3, il 4 e via compagnia cantante.. quindi non dica che è cristiana per favore.. altrimenti rientra nella cerchia del comunista..",0.6255776
Lo sa cosa fanno due infermiere contro un uomo ubriaco svenuto a terra da 100kg? Pena e poi chiamano un uomo. Ci sono lavori che sono fatti per gli uomini e altri per le donne la verità dei fatti è questa.,0.57546616
"[Commento ad articolo con titolo ""“Non esistono due cervelli, maschile e femminile. Il cervello è plastico e plasmato dall’ambiente”. Al Festivaletteratura di Mantova la neuroscienziata Martina Ardizzi, docente all’Università di Padova, ha spiegato che differenze considerate biologiche, come emozioni, abilità spaziali o matematiche, dipendono in realtà dalla socializzazione.""] Come mai allora nessuna donna riesce a competere negli scacchi o in altri giochi di intelligenza?",0.6339465
"[Commento ad articolo con titolo ""“Non esistono due cervelli, maschile e femminile. Il cervello è plastico e plasmato dall’ambiente”. Al Festivaletteratura di Mantova la neuroscienziata Martina Ardizzi, docente all’Università di Padova, ha spiegato che differenze considerate biologiche, come emozioni, abilità spaziali o matematiche, dipendono in realtà dalla socializzazione.""] Mah..... mi sembra gran sciocchezza! Quindi, il cervello maschile e femminile non avrebbero alcuna plasticità neurale. E non si adatterebbero in nulla, ad esempio al diverso ciclo mensile ( o abbiamo anche questa novità? Hanno il ciclo mestruale pure gli uomini?) Poi Nessun cambiamento in base allo sviluppo di organi diversi alquanto, che diversamente reagiscono, addirittura compaiono in epoche diverse.",0.56006205
"[Commento ad articolo con titolo ""“Non esistono due cervelli, maschile e femminile. Il cervello è plastico e plasmato dall’ambiente”. Al Festivaletteratura di Mantova la neuroscienziata Martina Ardizzi, docente all’Università di Padova, ha spiegato che differenze considerate biologiche, come emozioni, abilità spaziali o matematiche, dipendono in realtà dalla socializzazione.""] Ecco una prova a sostegno di questo studio: Vedo commenti inutili da entrambe i sessi 😂",0.6221084
"[Commento ad articolo con titolo ""“Non esistono due cervelli, maschile e femminile. Il cervello è plastico e plasmato dall’ambiente”. Al Festivaletteratura di Mantova la neuroscienziata Martina Ardizzi, docente all’Università di Padova, ha spiegato che differenze considerate biologiche, come emozioni, abilità spaziali o matematiche, dipendono in realtà dalla socializzazione.""] Si notano molti commenti avversi alla teoria della neuroscienziata. Specialmente da parte maschile. Forse sono scocciati da questa novità. Forse hanno paura di perdere la loro pseudosuperiorita'. Mamma mia !",0.59297395
"[Commento ad articolo con titolo ""“Non esistono due cervelli, maschile e femminile. Il cervello è plastico e plasmato dall’ambiente”. Al Festivaletteratura di Mantova la neuroscienziata Martina Ardizzi, docente all’Università di Padova, ha spiegato che differenze considerate biologiche, come emozioni, abilità spaziali o matematiche, dipendono in realtà dalla socializzazione.""] Per me la nuroscenziata si sbaglia. Il cervello femminile è superiore. Le donne sanno fare egualmente bene tutto quello che fanno gli uomini ma certe cose le fanno meglio. Per esempio sanno pulire il sederino di un bambino che ha fatto la cacca molto meglio degli uomini.",0.634958
"[Commento ad articolo con titolo ""“Non esistono due cervelli, maschile e femminile. Il cervello è plastico e plasmato dall’ambiente”. Al Festivaletteratura di Mantova la neuroscienziata Martina Ardizzi, docente all’Università di Padova, ha spiegato che differenze considerate biologiche, come emozioni, abilità spaziali o matematiche, dipendono in realtà dalla socializzazione.""] ognuno ha i suoi compiti. Cio non toglie che se una vuole puo andare in miniera o su una piattaforma petrolifera. Di sicuro pero non farà figli, anche se a tante piace dire che sanno fare tutto in contemporanea. Poi le trovi esaurite o cattive abbestia",0.58878696
"[Commento ad articolo con titolo ""“Non esistono due cervelli, maschile e femminile. Il cervello è plastico e plasmato dall’ambiente”. Al Festivaletteratura di Mantova la neuroscienziata Martina Ardizzi, docente all’Università di Padova, ha spiegato che differenze considerate biologiche, come emozioni, abilità spaziali o matematiche, dipendono in realtà dalla socializzazione.""] Balle. Tutte balle il cervello femminile deve preparare il corpo femminile e organizzare il mestruo mensile o lunazioni, lo stato di gravidanza il parto l'allattamento il ritorno di rotta e nuova gravidanza ecc. Poi il periodo dimenopausa. Il cervello maschile deve impostare il corpo per la prima spermazione. Formazione corporea per età adulta. Poi andropausa. Non confondere le funzioniscientifiche del cervello con la maturazione di pensiero e similitudini di organizzazione quotidiana per un buon andanentk famigliare o lavorativo . Grazie.",0.62225896
"[Commento ad articolo con titolo ""“Non esistono due cervelli, maschile e femminile. Il cervello è plastico e plasmato dall’ambiente”. Al Festivaletteratura di Mantova la neuroscienziata Martina Ardizzi, docente all’Università di Padova, ha spiegato che differenze considerate biologiche, come emozioni, abilità spaziali o matematiche, dipendono in realtà dalla socializzazione.""] No, mi dissocio. È scientificamente provato che il cervello maschile non è in grado di trovare i calzini nel cassetto e il latte a un palmo dal naso nel frigorifero.",0.633222
"[Commento ad articolo con titolo ""“Non esistono due cervelli, maschile e femminile. Il cervello è plastico e plasmato dall’ambiente”. Al Festivaletteratura di Mantova la neuroscienziata Martina Ardizzi, docente all’Università di Padova, ha spiegato che differenze considerate biologiche, come emozioni, abilità spaziali o matematiche, dipendono in realtà dalla socializzazione.""] Io credo che la signora si sia dimenticata degli ormoni e il loro effetto sul cervello in base al sesso.",0.6573898
"[Commento ad articolo con titolo ""“Non esistono due cervelli, maschile e femminile. Il cervello è plastico e plasmato dall’ambiente”. Al Festivaletteratura di Mantova la neuroscienziata Martina Ardizzi, docente all’Università di Padova, ha spiegato che differenze considerate biologiche, come emozioni, abilità spaziali o matematiche, dipendono in realtà dalla socializzazione.""] Sono qui solo per leggere le confutazioni dei laureati all'università della strada",0.531968
"[Commento ad articolo con titolo ""“Non esistono due cervelli, maschile e femminile. Il cervello è plastico e plasmato dall’ambiente”. Al Festivaletteratura di Mantova la neuroscienziata Martina Ardizzi, docente all’Università di Padova, ha spiegato che differenze considerate biologiche, come emozioni, abilità spaziali o matematiche, dipendono in realtà dalla socializzazione.""] Esatto dici bene moribondi mentre la moglie con febbre alta cucina lava stira e accudisce i figli",0.58128774
"Secondo me il cervello femminile non è fatto per ricoprire ruoli di comando politici. Se le cose nella UE vanno male è perché ai posti di comando ci sono delle donne: Von der Leyen, Lagarde, Meloni, la moglie di Macron etc.",0.61437416
"[Commento ad articolo con titolo ""“Non esistono due cervelli, maschile e femminile. Il cervello è plastico e plasmato dall’ambiente”. Al Festivaletteratura di Mantova la neuroscienziata Martina Ardizzi, docente all’Università di Padova, ha spiegato che differenze considerate biologiche, come emozioni, abilità spaziali o matematiche, dipendono in realtà dalla socializzazione.""] Figurati a sparare minchiate del genere puo essere o la repubblica o la stampa... Adesso come avete già fatto postatelo in arabo e in inglese e vediamo i commenti dei furi sostenitori Pd",0.4905625
"[Commento ad articolo con titolo ""“Non esistono due cervelli, maschile e femminile. Il cervello è plastico e plasmato dall’ambiente”. Al Festivaletteratura di Mantova la neuroscienziata Martina Ardizzi, docente all’Università di Padova, ha spiegato che differenze considerate biologiche, come emozioni, abilità spaziali o matematiche, dipendono in realtà dalla socializzazione.""] Non è affatto vero uomini e donne sono molto diversi caratterialmente.",0.65993756
"[Commento ad articolo con titolo ""“Non esistono due cervelli, maschile e femminile. Il cervello è plastico e plasmato dall’ambiente”. Al Festivaletteratura di Mantova la neuroscienziata Martina Ardizzi, docente all’Università di Padova, ha spiegato che differenze considerate biologiche, come emozioni, abilità spaziali o matematiche, dipendono in realtà dalla socializzazione.""] Classico articolo di repubblica che sponsorizza il gender fluid e la spersonalizzazione degli individui.",0.64678586
"[Commento ad articolo con titolo ""“Non esistono due cervelli, maschile e femminile. Il cervello è plastico e plasmato dall’ambiente”. Al Festivaletteratura di Mantova la neuroscienziata Martina Ardizzi, docente all’Università di Padova, ha spiegato che differenze considerate biologiche, come emozioni, abilità spaziali o matematiche, dipendono in realtà dalla socializzazione.""] Dai dai....monade, impossibile. L'uomo non ha mai ragione,la donna si.",0.63208723
"[Commento ad articolo con titolo ""“Non esistono due cervelli, maschile e femminile. Il cervello è plastico e plasmato dall’ambiente”. Al Festivaletteratura di Mantova la neuroscienziata Martina Ardizzi, docente all’Università di Padova, ha spiegato che differenze considerate biologiche, come emozioni, abilità spaziali o matematiche, dipendono in realtà dalla socializzazione.""] A me sembra che in nome di certa ricerca si stia facendo un minestrone... a me basta la magia dell'incontro con una donna... il mistero che state tentando di uccidere... per me che sono etero è cosi... una magia indescrivibile... mai stato omofobo... ma una donna è una donna... e quello che amo in lei non potrei mai amarlo in un uomo... non c'entra niente la plasticità del cervello... anche il corpo è plastico ma questo non ci dà il diritto di deformarlo a piacimento...",0.6242935
"[Commento ad articolo con titolo ""“Non esistono due cervelli, maschile e femminile. Il cervello è plastico e plasmato dall’ambiente”. Al Festivaletteratura di Mantova la neuroscienziata Martina Ardizzi, docente all’Università di Padova, ha spiegato che differenze considerate biologiche, come emozioni, abilità spaziali o matematiche, dipendono in realtà dalla socializzazione.""] E allora perché i maschi con febbre a 37 vivono una situazione di pre morte? Non siamo uguali, dai..",0.6025433
"Le donne non sono tutte dolci, romantiche e materne, cosi come i maschi non sono tutti violenti, protettivi e virili.",0.7090733
"[Commento ad articolo con titolo ""“Non esistono due cervelli, maschile e femminile. Il cervello è plastico e plasmato dall’ambiente”. Al Festivaletteratura di Mantova la neuroscienziata Martina Ardizzi, docente all’Università di Padova, ha spiegato che differenze considerate biologiche, come emozioni, abilità spaziali o matematiche, dipendono in realtà dalla socializzazione.""] In quello femminile non c'è il calcio e la figa",0.6587898
"[Commento ad articolo con titolo ""“Non esistono due cervelli, maschile e femminile. Il cervello è plastico e plasmato dall’ambiente”. Al Festivaletteratura di Mantova la neuroscienziata Martina Ardizzi, docente all’Università di Padova, ha spiegato che differenze considerate biologiche, come emozioni, abilità spaziali o matematiche, dipendono in realtà dalla socializzazione.""] Assolutamente no. Ci sono aree piu sviluppate di altre ad esempio il linguaggio della donna rispetto all uomo. Idem per le aree logiche. ...studi fatti..",0.6519251
"[Commento ad articolo con titolo ""“Non esistono due cervelli, maschile e femminile. Il cervello è plastico e plasmato dall’ambiente”. Al Festivaletteratura di Mantova la neuroscienziata Martina Ardizzi, docente all’Università di Padova, ha spiegato che differenze considerate biologiche, come emozioni, abilità spaziali o matematiche, dipendono in realtà dalla socializzazione.""] Non sono le differenze anatomiche a dare la sexualtà al cervello ma è insito nell'anima che insieme al sesso che Dio Gesu Cristo Re Vero ed unico Sacerdote Santo Padre Creatore dell'universo dove viviamo, sceglie di dare al momento della procreazione nel grembo materno, quando si accende per un attimo una luce meravigliosa, un lampo bianco di pochissimi secondi, Dio in quel momento mette l'anima nel corpo del neonato che andrà formandosi man mano.",0.57842344
"[Commento ad articolo con titolo ""“Non esistono due cervelli, maschile e femminile. Il cervello è plastico e plasmato dall’ambiente”. Al Festivaletteratura di Mantova la neuroscienziata Martina Ardizzi, docente all’Università di Padova, ha spiegato che differenze considerate biologiche, come emozioni, abilità spaziali o matematiche, dipendono in realtà dalla socializzazione.""] Solo una una donna poteva fare un'affermazione simile...",0.65287274
"[Commento ad articolo con titolo ""“Non esistono due cervelli, maschile e femminile. Il cervello è plastico e plasmato dall’ambiente”. Al Festivaletteratura di Mantova la neuroscienziata Martina Ardizzi, docente all’Università di Padova, ha spiegato che differenze considerate biologiche, come emozioni, abilità spaziali o matematiche, dipendono in realtà dalla socializzazione.""] Sta tipa ha completamente sbagliato lavoro. Dovrebbe provare a cimentarsi come cassiera all’Eurospin ma dubito abbia le capacità!",0.61567473
"[Commento ad articolo con titolo ""“Non esistono due cervelli, maschile e femminile. Il cervello è plastico e plasmato dall’ambiente”. Al Festivaletteratura di Mantova la neuroscienziata Martina Ardizzi, docente all’Università di Padova, ha spiegato che differenze considerate biologiche, come emozioni, abilità spaziali o matematiche, dipendono in realtà dalla socializzazione.""] Fate sapere a Martina che le Femmine e i Maschi non sono uguali. E fate sapere a Martina che la Natura se ne frega di quello che pensa Martina.",0.6007713
"[Commento ad articolo con titolo ""“Non esistono due cervelli, maschile e femminile. Il cervello è plastico e plasmato dall’ambiente”. Al Festivaletteratura di Mantova la neuroscienziata Martina Ardizzi, docente all’Università di Padova, ha spiegato che differenze considerate biologiche, come emozioni, abilità spaziali o matematiche, dipendono in realtà dalla socializzazione.""] Allora perché nel top 100 di giocatori a scacchi non c'è nemmeno una donna ? Ma per piacere",0.59323657
"[Commento ad articolo con titolo ""“Non esistono due cervelli, maschile e femminile. Il cervello è plastico e plasmato dall’ambiente”. Al Festivaletteratura di Mantova la neuroscienziata Martina Ardizzi, docente all’Università di Padova, ha spiegato che differenze considerate biologiche, come emozioni, abilità spaziali o matematiche, dipendono in realtà dalla socializzazione.""] Mandate questa mentecatta a pulire le latrine",0.62786835
"[Commento ad articolo con titolo ""“Non esistono due cervelli, maschile e femminile. Il cervello è plastico e plasmato dall’ambiente”. Al Festivaletteratura di Mantova la neuroscienziata Martina Ardizzi, docente all’Università di Padova, ha spiegato che differenze considerate biologiche, come emozioni, abilità spaziali o matematiche, dipendono in realtà dalla socializzazione.""] C’è uno studio che analizza l’abilità nel parcheggiare in retromarcia e a non riuscire a trovare qualsiasi cosa anche se ce l’hai davanti agli occhi?",0.6000733
"[Commento ad articolo con titolo ""“Non esistono due cervelli, maschile e femminile. Il cervello è plastico e plasmato dall’ambiente”. Al Festivaletteratura di Mantova la neuroscienziata Martina Ardizzi, docente all’Università di Padova, ha spiegato che differenze considerate biologiche, come emozioni, abilità spaziali o matematiche, dipendono in realtà dalla socializzazione.""] Si, certo 😅 Se sei un coglione di sinistra, certo. È tutto cosi chiaro, basta qualche studio cosi a caso, sparare due cazzate ""scientifiche"" che fanno tendenza e guadagnarsi gli articoli di refuffica. E nei commenti arrivano beta, cuck, femministedestocazzo, gretine e gretini, phroocy vari, They/them e capelli color vomito a spiegarci come vivere. Continuate cosi...continuate a credere alle favolette. Idioti.",0.49393544
"[Commento ad articolo con titolo ""“Non esistono due cervelli, maschile e femminile. Il cervello è plastico e plasmato dall’ambiente”. Al Festivaletteratura di Mantova la neuroscienziata Martina Ardizzi, docente all’Università di Padova, ha spiegato che differenze considerate biologiche, come emozioni, abilità spaziali o matematiche, dipendono in realtà dalla socializzazione.""] Non ditelo alle femmine multitasking",0.6245612
E allora spiegatemi perchè i maschi non sanno fare piu di una cosa alla volta e perchè pensano solo a due cose...secondo me si sbagliano,0.71085536
"[Commento ad articolo con titolo ""“Non esistono due cervelli, maschile e femminile. Il cervello è plastico e plasmato dall’ambiente”. Al Festivaletteratura di Mantova la neuroscienziata Martina Ardizzi, docente all’Università di Padova, ha spiegato che differenze considerate biologiche, come emozioni, abilità spaziali o matematiche, dipendono in realtà dalla socializzazione.""] Immagina credere un organo, tolto quello genitale ovviamente, abbia un sesso. Razza di ritardati.",0.66043097
"[Commento ad articolo con titolo ""“Non esistono due cervelli, maschile e femminile. Il cervello è plastico e plasmato dall’ambiente”. Al Festivaletteratura di Mantova la neuroscienziata Martina Ardizzi, docente all’Università di Padova, ha spiegato che differenze considerate biologiche, come emozioni, abilità spaziali o matematiche, dipendono in realtà dalla socializzazione.""] Ma andate a zappare la terra",0.6050081
"[Commento ad articolo con titolo ""“Non esistono due cervelli, maschile e femminile. Il cervello è plastico e plasmato dall’ambiente”. Al Festivaletteratura di Mantova la neuroscienziata Martina Ardizzi, docente all’Università di Padova, ha spiegato che differenze considerate biologiche, come emozioni, abilità spaziali o matematiche, dipendono in realtà dalla socializzazione.""] Ma andate a cagare voi e queste puttanate gender",0.55327934
"[Commento ad articolo con titolo ""“Non esistono due cervelli, maschile e femminile. Il cervello è plastico e plasmato dall’ambiente”. Al Festivaletteratura di Mantova la neuroscienziata Martina Ardizzi, docente all’Università di Padova, ha spiegato che differenze considerate biologiche, come emozioni, abilità spaziali o matematiche, dipendono in realtà dalla socializzazione.""] E' incredibile cosa si inventano i sostenitori del politically correct per far sdoganare omosexualtà, transexualsmo e movimenti LGBT (o come c@@[USER] si chiamano). La ''scienziata'' dovrebbe aver studiato che esistono due generi UOMO/ MASCHILE e DONNA/ FEMMINILE. Una donna nasce donna con relative caratteristiche e cosi l'uomo. Chiaro? postate meno c@@[USER] come queste per favore!!",0.57376087
"Io rilevo in me un cervello tipicamente femminile, incline all'accoglienza ragionevole e all'ascolto, allo studio attento della parola, alla razionalizzazione della psiche e della sfera emozionale, per caratteristiche innate e derivate dall'educazione infantile... ma ho imparato a sviluppare anche il cervello maschile, la forma intuitiva di intelligenza che permette interventi pratici estemporanei molto efficaci. La capacità di estrapolare l'elemento e considerarlo in sé stesso, ecc...",0.7080226
Quindi tutti gli studi sul fatto che la donna ha piu abilità di adattamento rispetto all'uomo e l'uomo ha piu abilità manuali rispetto alla donna non vale niente oppure volete prendete per il culo ancora?,0.6530418
seee ciao... il cervello di un uomo non trova niente anche se ce l ha sotto gli occhi... diversamente quello della donna trova tutto. ehehehhe,0.52494186
"Che palle, come mai le donne guidano di merda?",0.3774042
"Il cervello femminile deve imparare a saper cucinare e stirare, mentre quello maschile a giocare a calcio",0.67854595
"Quindi, se il cervello non ha sesso, allora le donne non sono migliori degli uomini come avete sbandierato fino ad ora con le pseudo femministe di sinistra?",0.5829052
"[Commento ad articolo con titolo ""In pellegrinaggio da Pausini. Assalto alla casa-museo""] Addirittura un museo ...che ego la strillona",0.46243593
"[Commento ad articolo con titolo ""In pellegrinaggio da Pausini. Assalto alla casa-museo""] Mi ricordo che da piccolo ,ora ho 57anni,si andava con la scuola a visitare nelle cascine le stalle !!! In questo caso non è cambiato nulla tranne il fatto che musicalmente è diseducativo...... Ma come cazzo si fa......",0.3881832
"[Commento ad articolo con titolo ""In pellegrinaggio da Pausini. Assalto alla casa-museo""] Sbaglio o si è rifatta?",0.44544387
"[Commento ad articolo con titolo ""In pellegrinaggio da Pausini. Assalto alla casa-museo""] Chi non adora Dio adora tutti gli idoli possibili..",0.45030406
"[Commento ad articolo con titolo ""In pellegrinaggio da Pausini. Assalto alla casa-museo""] Mado... personalmente la trovo antipatica e strillona",0.32036698
"[Commento ad articolo con titolo ""In pellegrinaggio da Pausini. Assalto alla casa-museo""] Un artista sicuramente di spessore , porta l’Italia nel mondo con la canzone nulla da eccepire sulla sua luminosa carriera, ma onestamente mi sembra un po’ esagerato. Un museo oltretutto ancora in vita per fortuna per lei.",0.39174506
"[Commento ad articolo con titolo ""In pellegrinaggio da Pausini. Assalto alla casa-museo""] Non è né bella ne brava sembra una gallina starnazzante",0.4858192
"[Commento ad articolo con titolo ""In pellegrinaggio da Pausini. Assalto alla casa-museo""] Certo è come una medicina.... scaduta",0.4837167
"[Commento ad articolo con titolo ""In pellegrinaggio da Pausini. Assalto alla casa-museo""] Dopo aver rovinato una canzone bellissima cantandola come se dovesse vendere pentole al mercato, sempre simpatica come la sabbia nelle mutande, ci sta che apra un museo e si ritiri vendere biglietti all'entrata.",0.53035676
"[Commento ad articolo con titolo ""In pellegrinaggio da Pausini. Assalto alla casa-museo""] Parlate... parlate ! Il degrado siete senza RISPETTO ! Ma a noi non ce frega lo sapete perché ?! Perché siamo orgogliosi di cio che è Laura in primis come persona ! Poi le canzoni possono piacere e non piacere ma non significa giudicare una persona per cio che fa quindi è libera di fare cio che vuole LA MUSICA È UNIONE NO DIVISIONE e per chi dice che il museo e’ da morti NON HA CAPITO UNA MAZZA ... all’estero ci sono alcuni musei di attori o cantanti VIVI ! CRITICARE VE FA MALE MA A NOI NO AHAHAHAHA !",0.44945097
"[Commento ad articolo con titolo ""In pellegrinaggio da Pausini. Assalto alla casa-museo""] Un'altra che si è rifatta il viso",0.5277026
"[Commento ad articolo con titolo ""In pellegrinaggio da Pausini. Assalto alla casa-museo""] Ridicola .FOLLE MUSEO DI COSA RITORNA NELLA TERRA",0.43773723
"[Commento ad articolo con titolo ""In pellegrinaggio da Pausini. Assalto alla casa-museo""] Mah.....",0.3447089
"[Commento ad articolo con titolo ""Miss Italia 2025 è la 18enne lucana Katia Buchicchio ""] Già il fatto che sia una donna vera è un passo avanti Di questi tempi",0.44475907
"[Commento ad articolo con titolo ""Miss Italia 2025 è la 18enne lucana Katia Buchicchio ""] Che bella! Complimenti e buon lavoro! Ops, un attimo! Di cosa si occupa una Miss Italia?",0.38068125
"[Commento ad articolo con titolo ""Miss Italia 2025 è la 18enne lucana Katia Buchicchio ""] Almeno sono coerenti solo li per farsi giudicare per la bellezza non come certe e certi della musica che vogliono essere giudicati come cantanti e si notano solo le mutande.",0.49561882
"[Commento ad articolo con titolo ""Miss Italia 2025 è la 18enne lucana Katia Buchicchio ""] Dove siete Donne? Qui va bene che la donna venga mostrata su un palco per essere giudicata e criticarta?",0.5203868
"[Commento ad articolo con titolo ""Miss Italia 2025 è la 18enne lucana Katia Buchicchio ""] per rappresentare appieno l idea di donna-madre-cristiana-taliana urge anche un concorso per miss casalinga",0.51187694
"[Commento ad articolo con titolo ""Miss Italia 2025 è la 18enne lucana Katia Buchicchio ""] Tanti auguri congratulazioni",0.39148965
"[Commento ad articolo con titolo ""Miss Italia 2025 è la 18enne lucana Katia Buchicchio ""] Fatto in questo modo è un concorso a dir poco ridicolo. Ragazze ipervestite (poi le vedi sui social dove gli abiti sono un optional) che si cimentano in un sedicente talent show che di talento ne mostra ben poco, sfilata di moda con abiti maschili e orrendi, gonnelloni che nascondono ogni forma delle ragazze e.. sneakers?! Ma scherziamo? Cosi per giudicarne la BELLEZZA OGGETTIVA occorre usare tutta l'immaginazione del mondo e poi nemmeno ci riesci 🤡🤡",0.53019273
"[Commento ad articolo con titolo ""Miss Italia 2025 è la 18enne lucana Katia Buchicchio ""] 18 anni sembra piu grande piccole donne",0.4432007
Li fanno anche gli uomini i concorsi di bellezza.,0.7323251
"Non c'è dubbio che, negli sport physical, gli uomini tenderanno a superare le donne. La forza corporea superiore gioca un role importante, assicurando che le competizioni tra rispettivamente i principali praticanti maschili e femminili nel tennis, nel pugilato e nel rugby, ad esempio, finiranno inevitabilmente a favore degli uomini.",0.678851
"Il cervello maschile e femminile possono essere praticamente identici, ma la tendenza è che il cervello umano femminile viri verso un potere di memoria superiore, erroneamente identificato come intuizione o istinto, e che questa facoltà avvicini le femmine umane alla natura rispetto ai maschi umani. La memoria sembra essere endemica in tutto il regno animale, e non è affatto un attributo unico dell'Homo sapiens.",0.7235782
"Ad ogni modo, quella a cui mi riferivo è il fatto che la differenza di abilità tra uomini e donne negli scacchi è semplicemente non pervenuta. Al di là di qualsiasi studio comportamentale, analisi o meta analisi che uno puo fare, al momento il fatto che al top della classifica ci siano solo uomini si spiega con la differenza di partecipazione tra uomini e donne.",0.529766
"io non considero una donna arrabbiata come misandrica considero come misandrica una donna che non ha nemmeno letto l'articolo, non ha capito che l'intenzione dell'articolo era proprio confermare l'illegalità della cosa per fugare qualsiasi dubbio",0.53792167
"ma chi pensi abbia piacere a fare la vittima su una roba del genere? Ad una donna dire di essere un sito del genere non genera nessun profitto, né in termini economici né di popolarità. Ad una persona che sostiene di essere stata vittima di un furto crederesti subito o gli diresti “ma non è che stai facendo la vittima?” Lascia stare a livello legale “innocenti fino a prova contraria” ecc... parlo a livello sociale, metteresti in dubbio in questa maniera le parole di chi si dichiara vittima di un furto? Perché quando invece la denuncia é per molestie (online e/o offline) andate subito inconsciamente in difesa dell’indifendibile? Puoi anche non rispondermi a questa domanda perché io la risposta la so già, spero solo in una tua riflessione personale al riguardo.",0.4943522
"Ma la stragrande maggioranza del forum era si a tematica pornografica ma non sessista .. vi erano intere sezioni basate sugli screenshot ma il 99.9 % di quelli che ho potuto vedere prima che il gestore lo chiudesse , erano recensioni e condivisioni di materiali derivanti da Onlyfans con utenti che sconsigliavano di abbonarsi a questa o altra famosa influencer d' Instagram perché la sua pagina hard era una fregatura... Sinceramente io non ho visto null altro che un forum dove una cinquantina di profili ( sia maschili che femminili ) commentavano o meglio sconsigliavano di comprare determinati contenuti regolarmente commercializzati su altre piattaforme.",0.456657
"C’è un grosso problema genarazionale di uomini over 40 cresciuti coi film di pierino, montagnani e lino Banfi. E che là sono rimasti.",0.53029954
"Tendenzialmente gli uomini cercano sesso, che sia una questione biologica o culturale, di solito è cosi. L'errore che faccio e che fanno molti uomini nel trattare l'argomento é dire ""loro"" come se fosse una cosa che tutti gli altri uomini fanno e non noi che non lo facciamo, in realtà sarebbe piu sincero dire che noi uomini desideriamo il sesso dal momento in cui capiamo che il pene non serve solo a svuotare la vescica. Non è un mestiere facile quello di ottenere il sesso per un uomo, solitamente è piuttosto costoso e non intendo il fatto che esistano modi per ottenerlo a pagamento, mi riferisco piu all'aderire ai parametri sociali, economici o modaioli dell'altro sesso.",0.5627507
"A mio parere il fatto di pubblicare foto di donne non riguarda solo l'eccitamento sessuale. Pubblicare foto di donne non consenzienti nasconde anche un desiderio di sottomissione, equivale a dire qui comando io e tu sei in mio potere. E questo rivendicare un potere che probabilmente nella vita reale non hanno deriva dal fatto che questi uomini hanno paura delle donne e della loro indipendenza",0.72387177
"Gli uomini hanno diversi problemi, la distorsione della sexualtà è protagonista. Noi donne non ne dobbiamo pagare il prezzo, urge coming out",0.6318978
"Pero sei coerente, sei analfabeta funzionale e continui imperterrita a dimostrarlo 😂, te lo faccio presente, ma figurati se un soggettone come te riesce a tacere, evitando di confermare ogni volta il suo deficit. Apprezzo l’impegno nel “provare” a scrivere “bene”, ma fallisci miseramente ogni volta. Probabilmente una come te, che posta solo dildo e cazzi vari, ha avuto davvero problemi con papino. 😂",0.3216861
"Perchè il sesso negli uomini è concepito in maniera violenta? Sono tanto vaginodipendenti quanto incazzati con le donne? Qual’è il loro cruccio? Che problemi hanno in quelle testoline marce, piene solamente di merda?",0.5403224
"Eh niente...non riesco ancora a trovare uno studio sociologico che mi spieghi come mai gli uomini riescono a fare cameratismo, che poi spesso diventa branco, e le donne invece riescono a prendersi a botte tra loro magari per sposare un uomo del genere...bisogna studiare il fenomeno.",0.5859449
"Il momento in cui come società ammetteremo il fatto di avere un ENORME, GIGANTESCO problema di misoginia, machismo e patriarcato sarà sempre troppo tardi",0.49065915
"[Commento ad articolo con titolo ""Greta Thunberg non è un santino, ha sempre fatto politica""] Greta ha le palle di tutti i rincoglioniti che la criticano senza conoscerla e capirla.",0.5139737
"[Commento ad articolo con titolo ""Greta Thunberg non è un santino, ha sempre fatto politica""] La gretina...... Come i partiti italiani usati da altri per fare i loro comodi",0.5104696
"[Commento ad articolo con titolo ""Greta Thunberg non è un santino, ha sempre fatto politica""] Se piu persone avessero la forza, la determinazione, la tenacia di gretathunberg , questo mondo sarebbe un posto incredibilmente piu umano ed evoluto.",0.5070355
"Non pubblicare foto su Internet è l'equivalente di quando ti dicono: non mettere quella minigonna o quel top scollato. Si punta a intimorire-responsabilizzare la donna piuttosto invece di occuparsi del reale problema, ossia di chi abusa.",0.76320124
"comunque che siano deprecabili gli uomini che hanno una visone materialista della donna non necessita di ulteriori conferme. Questo non è un motivo per voler passare ogni gesto al femminile come qualcosa di angelico. Anche lei puo essere ignobile, ed è un diritto che ha in quanto umana. Divinizzare qualcuno non è mai un bene per nessuno.",0.6076952
"Te lo spiego facile: una donna si puo vestire da suora o mettersi in topless. Puo fare quello che le pare senza qualcuno che vada a giudicarla (a te ti rompono i coglioni i continuazione per come appari o sei vestito? No, ecco). E poi, ma questo è la base della civiltà, le sue foto non vanno caricate su siti dove dei repressi le commentano",0.5756428
Prima fanno tanto le zoccoline le donne poi fanno le vittime quando le fanno gli apprezzamenti,0.6759948
"non dimentichiamo che stiamo parlando di noi uomini che siamo semplici e banali, tipo acceso/spento",0.60635775
"Il mio post è piuttosto chiaro, forse non conosci gli uomini cosi tanto come pensi tu. Noi siamo “mangia, nanna, cacca.” Ogni tanto una scopata.",0.5356743
non ce la faccio a dare a noi uomini una chance. Spero che un giorno ci saranno solo femmine e sicuramente sarà un mondo migliore,0.4067358
"Finché si resterà invischiati in questa prospettiva del tipo ""maschi contro femmine"" e non si assumerà invece come criterio la persona indipendentemente da sesso biologico, sentimento di genere e orientamento sessuale, come approccio la reciprocità e come finalità la tutela della dignità della persona a partire dalla base economica della libertà individuale, sarà solo un grande spreco di tempo (tanto), di soldi (pochi), di risorse umane (pochissime e gira e rigira sempre le stesse), di idee (quelle che ci sono).",0.50568247
"Dopo le balle che hanno raccontato sul gruppo ""Mia moglie"" non mi fido di quello che scrivono i giornali parlando di quel forum. E men che meno di una tizia del PD. Qualcuno ha informazioni di prima mano su questa vicenda?",0.48632154
"In una società patriarcale gli uomini non avrebbero mai condiviso le foto delle mogli. Proprio perché patriarcale la moglie è l'angelo del focolare, proprietà del marito padrone ed esclusiva del di lui sguardo. Cioè proprio le basi eh.",0.6412774
La nostra società è costruita a misura d'uomo. Negli ultimi 40 anni la donna è cambiata molto. Gli uomini troppo poco. Per questo uccidono di piu e i genitori delle figlie femmine hanno piu paura. La donna ancora oggi deve essere guardata. Ancora oggi deve muoversi con la cautela di un artificiere. In tutti gli ambiti.,0.7581127
"I maschi guardano. Non hanno bisogno di essere guardati. Se nasci femmina devi essere guardata. Se ti guardano devi essere giudicata. E promossa se sei abbastanza bella. La vita delle donne è piena di pregiudizi, etichette e stereotipi.",0.75916284
"il patriarcato esiste, certo, in alcuni paesi islamici. Non di certo in Italia. Dove ormai la vita delle donne vale piu di quella degli uomini dal momento che in caso di omicidio ricevi pene maggiori. 🤦",0.64289194
Ma curate le troie 😂 che chissà quanti gruppi di donne fanno lo stesso con foto di uomini 😂,0.68793845
E niente eh? Trattare le notizie con imparzialità è passato di moda,0.5512616
Forse non mi sono spiegato bene: è pieno di donne libere che considerano il loro corpo come un oggetto da esporre in vetrina (magari abbinato a qualche frase filosofica nel classico combinato Gandhi + chiappa balneare) e non vedo la necessità di iscriversi ad un gruppo del genere. C'è molto materiale anche per pederasti e pedofili offerto da genitori liberi che dispongono del corpo dei figli.,0.6555545
"Vedi, è insita in tutto l'occidente (il numero di femminicidi è altissimo in molte parti d'Europa, per esempio) la volontà di considerare la moglie/compagna come ""propria"" e, al pari dell'acquisto di una macchina costosa, esibirla rappresenta uno ""status symbol"". Sono uomini profondamente immaturi emotivamente, con gravissime mancanze a livello psicologico. Tali mancanze non sono pero riconducibili al singolo, ma fanno parte di un contesto culturale situato che si trascina da ...secoli. Si espone la propria donna come si gira con una Lamborghini, come si espone una camicia firmata, come si mostra orgogliosi di possedere un cane di razza purissima: per glorificare se stessi.",0.705787
"L'uomo medio si eccita pensando che foto non consensuali della ""sua"" donna possano far nascere una sorta di Invidia e un sospiro di ammirazione per alcuni, esattamente come alcuni oggetti costosi sottolineano uno status di benessere. È di uno squallore inqualificabile.",0.6209393
"[Commento a post dalla dicitura ""Quale sarebbe la tua reazione se adesso scoprissi di essere incinta??""] Mi lancio dal balcone🤣🤣🤣🤣🤣😂😂😂😂😂😂😂😂😂",0.3577901
"[Commento a post dalla dicitura ""Quale sarebbe la tua reazione se adesso scoprissi di essere incinta??""] Ho una bimba di quasi 6 mesi... che vuole stare sempre in braccio, attaccatissima a me, piange se la poggio un attimo, non posso fare nemmeno pipi, beve solo dal seno e non vuole iniziare lo svezzamento, gengive dolenti, reflusso ed infine inserimento al nido... secondo voi sarei felice?",0.49956217
"[Commento a post dalla dicitura ""Quale sarebbe la tua reazione se adesso scoprissi di essere incinta??""] Ho partorito da neanche 12 ore lasciatemi un po di tregua 😂😂😂😂",0.5056579
"[Commento a post dalla dicitura ""Quale sarebbe la tua reazione se adesso scoprissi di essere incinta??""] Dopo un aborto sarei la donna piu felice del mondo ❤",0.435486
"[Commento a post dalla dicitura ""Quale sarebbe la tua reazione se adesso scoprissi di essere incinta??""] Ho tre maschi e sarei felicissima specie se arrivasse la femminuccia altrimenti sarebbe lo stesso anche se maschietto . Ci vuole tanta pazienza pero poi crescono e vorresti tornare indietro❤❤❤",0.40770444
"[Commento a post dalla dicitura ""Quale sarebbe la tua reazione se adesso scoprissi di essere incinta??""] Che sia il benvenuto. La gravidanza è comunque una gioia😍",0.40117517
"Multitasking da mamma: una mano alla forchetta, l’altra a reggere il sonno della regina 👑🍝 Chi ha detto che non si puo fare tutto (con una mano sola)?",0.66339725
"Noi mamme facciamo di tutto,un braccio è x loro e un altro x noi stesse se possibile 😂",0.70200527
[Commento a un video di una bambina che gioca con le macchinine] Dopo tre maschi pensavo di passare ai vestitini e alle bambole... invece lei ha scelto il rombo dei motori! 🚗💨 Chi ha bisogno di principesse quando puoi avere una vera pilota in famiglia? 👑🏎,0.7144916
[Commento a un video di una bambina che gioca con le macchinine] 😂😂😂 😆🤣🤣 la mia..era esattamente cosi!!! Mai voluto bambole o peluche....😮 draghi e i piu improbabili animali preistorici!!😂😂😂 soldatini...macchinine e ogni giocattolo da maschietto!!!!🤦‍♀🤦‍♀🤦‍♀🤣🤣🤣,0.5991757
e ultima perla...😅😆 le femminucce saranno sempre le cocche del papi!!!!😂😂🎀,0.5916184
"[Commento a un video di una bambina che gioca con le macchinine] Ha 3 fratelli quindi ovvio che segue il loro esempio e lo dico per esperienza. Io ho 2 figli maschi ed una nipote. Ciascuno con una differenza di 6 anni fra di loro.Mia nipote stava spesso da me e quindi il grande dei miei figli ha giocato con le bambole perché era lei a coinvolgerlo a giocare con le bambole e per casa ci stavano piu bambole che macchinine. Poi quando ho avuto il secondo maschietto la bimba era grande e non veniva piu da me quindi i miei ragazzi stavano fra di loro ed il piccolo ha giocato solo con le macchinine e con le pistole e facevano la lotta fra di loro 🤣🤣🤣🤣🤣 Quindi dipende dal esempio che vedono spesso a casa. Non rattristarti che presto diventerà una signorinella e tutto cio che è tuo sarà di lei, fra abiti e trucchi tutto suo. 🤣🤣🤣🤣🤣🤣",0.5677539
"[Commento a un video di una bambina che gioca con le macchinine] La mia quasi 2enne,oltre le macchinine ,gioca con i dinosauri del fratello😅🤣🤣🤣 le abbiamo comprato una Barbie,non se la calcola 😂😂😂😂",0.6607452
[Commento a un video di una bambina che gioca con le macchinine] È la nuova generazione 🤣🤣🤣 piu maschia dei maschi. Anche la mia è uguale 😂😂,0.5672956
"[Commento a un video di una bambina che gioca con le macchinine] Mia figlia ( figlia unica) 2 anni e 4 mesi, adora trattori macchinine, carro attrezzi,autobus, treni ruspe,ecc è fissata con i rulli dell’autolavaggio ecc ecc 😂 le piace guardare i rally",0.65028536
[Commento a un video di una bambina che gioca con le macchinine] Mia figlia gioca con le bambole ma quando ricorda di avere anche le macchinine impazzisce😂 ah ed è prima figlia,0.76944697
"Fine dell’all inclusive: lei toglie il braccialetto e inizia il tour Pulizie, Lavatrice & Co. 💪 🛋 Lui? Toglie il braccialetto e si attiva... solo il pollice per il telecomando. 🍿 Bentornati alla vita vera, quella senza buffet e con la lavatrice sempre piena. 😅",0.5195795
"[Commento un post con dicitura ""Fine dell’all inclusive: lei toglie il braccialetto e inizia il tour Pulizie, Lavatrice & Co. 💪 🛋 Lui? Toglie il braccialetto e si attiva... solo il pollice per il telecomando. 🍿""] Teneteli pure i mariti cosi!",0.48115635
"[Commento un post con dicitura ""Fine dell’all inclusive: lei toglie il braccialetto e inizia il tour Pulizie, Lavatrice & Co. 💪 🛋 Lui? Toglie il braccialetto e si attiva... solo il pollice per il telecomando. 🍿""] ma dov'è l'ironia nel mostrare le donne come schiave del marito?",0.55144715
"[Commento un post con dicitura ""Fine dell’all inclusive: lei toglie il braccialetto e inizia il tour Pulizie, Lavatrice & Co. 💪 🛋 Lui? Toglie il braccialetto e si attiva... solo il pollice per il telecomando. 🍿""] semplicemente il tuo video è triste e non ha nulla di ironico. Meglio risultare pesante che veicolare che questo messaggio della donna schiava e il marito bamboccione sia divertente.",0.48779213
"[Commento un post con dicitura ""Fine dell’all inclusive: lei toglie il braccialetto e inizia il tour Pulizie, Lavatrice & Co. 💪 🛋 Lui? Toglie il braccialetto e si attiva... solo il pollice per il telecomando. 🍿""] Io non faccio in tempo a entrare in casa, che se è un orario decente, mio marito mette già la lavatrice e ha già disfatto la sua e quella di mio figlio 😂",0.52965754
"[Commento un post con dicitura ""Fine dell’all inclusive: lei toglie il braccialetto e inizia il tour Pulizie, Lavatrice & Co. 💪 🛋 Lui? Toglie il braccialetto e si attiva... solo il pollice per il telecomando. 🍿""] Mi dispiace per voi che al posto dei mariti avete i porcellini a crescere",0.457806
"[Commento un post con dicitura ""Fine dell’all inclusive: lei toglie il braccialetto e inizia il tour Pulizie, Lavatrice & Co. 💪 🛋 Lui? Toglie il braccialetto e si attiva... solo il pollice per il telecomando. 🍿""] Purtroppo è cosi. Pero la macchina la scarica lui 😂",0.42994338
"[Commento un post con dicitura ""Fine dell’all inclusive: lei toglie il braccialetto e inizia il tour Pulizie, Lavatrice & Co. 💪 🛋 Lui? Toglie il braccialetto e si attiva... solo il pollice per il telecomando. 🍿""] Io non ci trovo un caxxo da ridere....questo é la trasformazione in fiction della triste realta...caratterizzata da una cultura patriarcale obsoleta e bigotta...La Pena italiana...specie al sud..",0.51966155
"[Commento un post con dicitura ""Fine dell’all inclusive: lei toglie il braccialetto e inizia il tour Pulizie, Lavatrice & Co. 💪 🛋 Lui? Toglie il braccialetto e si attiva... solo il pollice per il telecomando. 🍿""] Mah... non sono tutti cosi. Basta saper scegliere e se per caso si sbaglia la scelta occorre dare il giro a uomini cosi.... MOLLATELI. Siete donne. Non schiave.",0.46421313
"[Commento un post con dicitura ""Fine dell’all inclusive: lei toglie il braccialetto e inizia il tour Pulizie, Lavatrice & Co. 💪 🛋 Lui? Toglie il braccialetto e si attiva... solo il pollice per il telecomando. 🍿""] Come si affronta il ritorno alla quotidianità dopo 2 settimane di All inclusive ? 🥲🥲",0.45439965
"[Commento un post con dicitura ""Fine dell’all inclusive: lei toglie il braccialetto e inizia il tour Pulizie, Lavatrice & Co. 💪 🛋 Lui? Toglie il braccialetto e si attiva... solo il pollice per il telecomando. 🍿""] Quanta verità 😂😂😂Mio marito è seduto sul divano da 24 ore🤬🤬🤬",0.4895033
"[Commento un post con dicitura ""Fine dell’all inclusive: lei toglie il braccialetto e inizia il tour Pulizie, Lavatrice & Co. 💪 🛋 Lui? Toglie il braccialetto e si attiva... solo il pollice per il telecomando. 🍿""] Anche il marito deve aiutare... 😂😂😂 scherzo ovviamente 😂",0.48469502
"[Commento un post con dicitura ""Fine dell’all inclusive: lei toglie il braccialetto e inizia il tour Pulizie, Lavatrice & Co. 💪 🛋 Lui? Toglie il braccialetto e si attiva... solo il pollice per il telecomando. 🍿""] Quanta verità....noi donne siamo super❤",0.49233174
"[Commento un post con dicitura ""Fine dell’all inclusive: lei toglie il braccialetto e inizia il tour Pulizie, Lavatrice & Co. 💪 🛋 Lui? Toglie il braccialetto e si attiva... solo il pollice per il telecomando. 🍿""] 👏vero😂😂😂",0.44750476
"[Commento un post con dicitura ""Fine dell’all inclusive: lei toglie il braccialetto e inizia il tour Pulizie, Lavatrice & Co. 💪 🛋 Lui? Toglie il braccialetto e si attiva... solo il pollice per il telecomando. 🍿""] Fortunatamente mio marito non è cosi altrimenti sarebbe un ex",0.4186043
«Avevano detto: “Le femmine sono piu tranquille”. Non avevano detto: “Tranquillamente ti svuotano il conto.” 👛💸 Shampoo speciale. Cerchietti. Calzini glitterati. Le lucine nella cameretta. Le lucine nel bagno. Le lucine nei capelli (?!). E non ha ancora compiuto 5 anni. Ma che importa... ha detto che sono il suo principe. 🥹👑 E il principe paga. Sempre. 😂,0.69807947
"[Commento un post con dicitura ""«Avevano detto: “Le femmine sono piu tranquille”. Non avevano detto: “Tranquillamente ti svuotano il conto.” 👛💸""] Abbi fede che pure con i figli maschi è cosi e te lo posso assicurare io che ne ho 2🤦🏼‍♀🤣",0.50464225
"[Commento un post con dicitura ""«Avevano detto: “Le femmine sono piu tranquille”. Non avevano detto: “Tranquillamente ti svuotano il conto.” 👛💸""] Non ti preoccupare i maschi non scherzano mica falli crescere moto macchine soldi per uscire e fare i gentleman con le fidanzatine",0.5319822
"[Commento un post con dicitura ""«Avevano detto: “Le femmine sono piu tranquille”. Non avevano detto: “Tranquillamente ti svuotano il conto.” 👛💸""] 😂😂😂 concordo! Non ho il paragone con un figlio maschio, ma noto che i figli di amici se la cavano con un pallone 😂",0.47932935
"[Commento un post con dicitura ""«Avevano detto: “Le femmine sono piu tranquille”. Non avevano detto: “Tranquillamente ti svuotano il conto.” 👛💸""] Le femmine sono piu tranquille...si ma se è un Labrador",0.5572757
"[Commento un post con dicitura ""«Avevano detto: “Le femmine sono piu tranquille”. Non avevano detto: “Tranquillamente ti svuotano il conto.” 👛💸""] 😂😂😂😂😂😂😂😂😂😂😂😂 Dalle mie parti esiste un vecchio detto , che dice :: hai voluto la bicicletta?? Allora pedala !!! 😂😂😂",0.5105924
"[Commento un post con dicitura ""«Avevano detto: “Le femmine sono piu tranquille”. Non avevano detto: “Tranquillamente ti svuotano il conto.” 👛💸""] Il consumismo è piu forte che mai con le femmine! 💸💸",0.5213591
"[Commento un post con dicitura ""«Avevano detto: “Le femmine sono piu tranquille”. Non avevano detto: “Tranquillamente ti svuotano il conto.” 👛💸""] È la stessa cosa indipendentemente dal sesso",0.48542526
"[Commento un post con dicitura ""«Avevano detto: “Le femmine sono piu tranquille”. Non avevano detto: “Tranquillamente ti svuotano il conto.” 👛💸""] Le figlie femmine si comprano e vendono i papà come e quando vogliono.....😂😂😂😂😂😂😂",0.5226568
"[Commento un post con dicitura ""«Avevano detto: “Le femmine sono piu tranquille”. Non avevano detto: “Tranquillamente ti svuotano il conto.” 👛💸""] Per la mia fimminuna questi e tanti altri, purché raggiunga i suoi obiettivi 🔥❤",0.5102031
"[Commento un post con dicitura ""«Avevano detto: “Le femmine sono piu tranquille”. Non avevano detto: “Tranquillamente ti svuotano il conto.” 👛💸""] due mogli e tre figlie, potevo avere un panfilo ormeggiato a porto cervo",0.50969577
"L'unica scatola che forma il cervello della donna contiene tutte le scatole, ormai rotte, che erano nel cervello dell'uomo e, quindi, oggi come oggi piu che mai, anche il cervello della donna è vuoto, perché la donna ha pensato di superare l'uomo anche nelle sue espressioni piu bieche... amen.",0.6236554
Migliaia di articoli scientifici dimostrano che non esiste un cervello maschile o un cervello femminile. Le differenze non sono fisiologiche ma frutto di condizionamenti ambientali. Per quanto ancora la gente sarà convinta del contrario?,0.6321297
"Gli uomini: a) utilizzano le zone piu analitiche del cervello per prendere decisioni, mentre le donne si basano piu sulla parte emotiva, e b) la zona del cervello in cui si genera l’ansia è quattro volte inferiore negli uomini",0.7471075
"Alle donne fa piacere sentirsi dire d'essere ""piu intelligenti""...è falso, non c'è differenza d'intelligenza...come hai detto tu dipende dai condizionamenti ambientali, familiari, a volte dal livello di istruzione. E' personale poi l'intelligenza, soggettiva. Ma lasciale ridere, molte donne hanno bisogno di queste consolazioni...",0.6510417
"Molte di loro magari lavorano per aziende fatte da uomini,è notorio che la maggior parte delle donne non ha uno spirito d'impresa o imprenditoriale, e serve tanta ma tanta di intelligenza per queste cose.",0.7609371
"Tutte le donne che andavano a letto con Mussolini erano ""intelligenti""? Tutte le donne che adoravano Hitler erano ""Intelligenti""?...Se le donne sono piu ""Intelligenti"", perché sono state capaci di amare ed adorare delle merde del genere? Tutte le donne che stanno con i mafiosi? Se le donne sono per davvero piu intelligenti come fanno a stare con mafiosi??? Solo gli idioti scelgono di stare con i mafiosi. Posso continuare per ore a fare esempi. Tutte le italiane e non italiane che nel 2010 sono state con Gheddafi?? Se le donne sono ""Intelligenti"" come hanno fatto a stare con uno del genere??? Come facevano a non vergognarsi? Se una è intelligente capisce bene che stare con uno del genere è da degenerati mentali, da idioti, da vergognarsi...Uno schifo assoluto, una vergogna assoluta...Erano queste... ""Intelligenti""??? Ma fatemi il piacere. Non c'è differenza tra uomo e donna a livello di intelligenza, ma lasciale cantare va'.",0.65524447
"Forse non avete capito bene... il due cervelli possono anche essere uguali, ma è l'attitudine femminile a vedere le cose attraverso le emozioni che rende l'uso del cervello differente.",0.64669204
"Certo, infatti che la donna sappia farsi da parte per portare in sè nuova vita è un condizionamento ambientale. Ma faccia il piacere va....L'uomo e la donna sono diversi se ne faccia una ragione.",0.73251295
È piu facile cacciare un unicorno che trovare un uomo con il cervello funzionante 😂,0.6041756
Non esiste il cervello macine e femminile i cervelli sono uguali,0.30092996
"Si truccano, si tirano, fanno di tutto e di piu per essere sexy, poi si lamentano delle attenzioni ricevute: questo la dice lunga sul cervello femminile.",0.8367427
"Correzione, si lamentano delle ""attenzioni"" che non gradiscono o fatte male ma quelle ""giuste"", ""originali"" o da uomini a cui sono potenzialmente interessate le fanno bagnare eccome...tutto cio mi è stato riferito da diverse conoscenti, per loro i complimenti di un certo tipo equivalgono ai vibratori che tanto adorano..",0.6096763
"Io sinceramente non capisco le tizie che dicono ""mi faccio bella per me stessa""...io, quando ero single, se mi facevo bella era per rimorchiare 🤷🏻‍♀",0.61695266
"Essere donna è questo. Sono attrici nate. A volte la farsa diventa insostenibile, e compaiono sulla cronaca locale.",0.7354503
"Purtroppo è colpa di questi maledetti social. Sono tutte photoshoppate e non appena proponi di fare una videochiamata, sono riluttanti a concederla, e una volta concessa ti accorgi di avere a che fare neanche con la controfigura della figona stratosferica e tutta photoshop, con cui interagivi. Ma la cosa peggiore è che soffrono di dissonanza cognitiva anche nella parte della chat e delle chiamate. Le persone vanno conosciute dal vivo. Stop",0.5271396
"Ma se non hanno voglia di essere guardate, ma che si mettano il burqa integrale e vadano a far valere i loro diritti con i musulmani 😉",0.5947719
"Oppure c'hanno le 5 , vanno in giro scollate come i manifesti messi d'inverno,e poi se rimani ""attirato"" dalle loro protuberanze ci rimangono male 😂 Povere cucciole.",0.7261381
Comunque devo spezzare una lancia a favore delle donne: spesso e volentieri la loro presunzione è anche per colpa dei morti di f. Che sono una vera e propria piaga,0.51832175
"Intanto non esistono sport maschili ma esistono solo sport. La migliore delle donne non batterà mai un uomo nello stesso sport, che nella classifica maschile sta anche solo in una posizione intermedia. Nessun uomo ha paura di una donna.",0.7051374
Proprio in questo momento sto facendo dei lavori e non capisco perché gli operai sono solo uomini. Ora sento se possono mandare qualche donna che c'è da spostare un armadio pesante,0.5979878
"Siamo piu forti , piu forti e basta , piu forti in tutti gli sport di forza , di resistenza , di quello che ti pare ; Eli , se Bobone Vieri , quando lo picchiavi avesse reagito , ti avrebbe ridotto a coriandoli ! P.S poi vedi le donne , quelle forti sul serio ( ce ne sono , pur se inferiori ad un uomo a parità di allenamento ) son dolci , gentili , delicate ... praticamente l’opposto di te e di quelle come te !",0.50534856
L'unico sport dove le donne gareggiano piu o meno alla pari con gli uomini è l'equitazione. Ma li il fisico ce lo mette il cavallo.,0.82146865
"Anche gli uomini odierni non sono il top, ma le al giorno d oggi manca onestà e serietà da parte delle donne, soprattutto quelle che se la sentono come se avessero solo loro 3 buchi.",0.52629715
"A molti uomini non gli frega un cazzo di vedere donne fare sport in generale , semplicemente perché sono meno performanti, piu scarse, piu noiose",0.6367812
Ci sono molte ragazze belle che fanno mma Michelle Waterson Ronda Rousey Paige VanZant Gina Carano Cat Zingano Mackenzie Pearl gonzalez Anastasia yankova Valentina shevckenko amanda nunes Holly holms Inoltre ci sono tante ragazze che fanno wrestling carine anzi allenarsi bene tonifica il corpo Inoltre spesso fanno anche dei bei combattimenti e si guardano con piacere,0.64546365
"una wrestler o anche una bodybuilder (non esagerata come pure non vedo bene gli uomini esagerati) o che fa arti marziali, non mi creerebbe problemi, magari per una volta è divertente cambiare i ruoli e sentirsi protetti, magari una mi guarda e lei va li e la alza per aria, mi divertirebbe da morire. Io tra le braccia non vorrei mai una vrenzola, sai quelle napoletane inquartate che urlano, volgarissime.",0.54492784
"Per molte donne è irritante vedere che fisicamente in parecchi sport non possono competere con gli uomini, la cui forza fisica è strutturalmente superiore, ma si devono adeguare, la natura se ne frega delle loro fisime.",0.70205194
"Pratico ogni sport ma non so eccellere in nessuno, riconosco il mio essere pippa in tutto, frega poco se sono piu bravi gli uomini o le donne, perderei con entrambi. In una gara di nuoto contro la pellegrini vincerei? Ma neanche voi. È un problema? Per me no, manco mezzo, credo neanche per voi. A me il calcio femminile non dispiace, ma c'è differenza, e non è tanto la forza, ma la tecnica. Ad ogni modo i mondiali femminili li vedrei volentieri.",0.4470407
"Balle, il wrestling è anche femminile, con atlete incredibili come AJ Lee, Becky lynch, Charlotte Flair ecc, nel calcio si puo anche essere divertente guardarle perché in un certo senso sono attraenti e non parliamo di sport olimpici, ci sono ragazze belle cazzute, sono peggio dei uomini... E queste sono leonesse...",0.652673
Sono favorevole alle donne forti. Cosi lavano i piatti piu in fretta e hanno piu tempo per fare i panini con l'hamburger.,0.75610965
"Io capisco che una donna altetica sarà al 100% superiore a un uomo con la pancia o non allenato, ma ad alto livello non ci sarebbero paragoni. Basti vedere i vari record in atletica e la differenza tra quelli maschili e quelli femminili!",0.46373406
"[Commento ad articolo con titolo ""Elisabetta Canalis: 'Per molti uomini è irritante vedere donne che praticano sport maschili'""] Ha parlato la femminista, quella che con il culo e le tette ha scalato pareti milionarie.",0.7453673
"[Commento ad articolo con titolo ""Elisabetta Canalis: 'Per molti uomini è irritante vedere donne che praticano sport maschili'""] Una che ha basato la sua intera carriera/esistenza sull'aspetto fisico che parla di queste cose.",0.7592712
"[Commento ad articolo con titolo ""Elisabetta Canalis: 'Per molti uomini è irritante vedere donne che praticano sport maschili'""] Disse quella, ormai piu che scotta come la pasta, che per lavoro mostra il cubo ormai moscio. Tutte cosi: invecchiano e diventano femministe. Prima in cerca di un maschio che dia loro il prestigio che come veline non si sono guadagnate.",0.75149554
"[Commento ad articolo con titolo ""Elisabetta Canalis: 'Per molti uomini è irritante vedere donne che praticano sport maschili'""] Infatti sembri un maschiaccio. Sei bella ma con pochissima femminilità. Quella non si compra da nessuna parte.",0.6729851
"[Commento ad articolo con titolo ""Elisabetta Canalis: 'Per molti uomini è irritante vedere donne che praticano sport maschili'""] Sbruffona fai 8 ore in fabbrica poi vediamo la tua virilità femminile",0.700781
